Tue Oct 25 2016,7:30 pm,New York Knicks,88,Cleveland Cavaliers,117,Box Score,,
Tue Oct 25 2016,10:30 pm,San Antonio Spurs,129,Golden State Warriors,100,Box Score,,
Tue Oct 25 2016,10:00 pm,Utah Jazz,104,Portland Trail Blazers,113,Box Score,,
Wed Oct 26 2016,7:30 pm,Brooklyn Nets,117,Boston Celtics,122,Box Score,,
Wed Oct 26 2016,7:00 pm,Dallas Mavericks,121,Indiana Pacers,130,Box Score,OT,
Wed Oct 26 2016,10:30 pm,Houston Rockets,114,Los Angeles Lakers,120,Box Score,,
Wed Oct 26 2016,8:00 pm,Minnesota Timberwolves,98,Memphis Grizzlies,102,Box Score,,
Wed Oct 26 2016,8:00 pm,Charlotte Hornets,107,Milwaukee Bucks,96,Box Score,,
Wed Oct 26 2016,8:00 pm,Denver Nuggets,107,New Orleans Pelicans,102,Box Score,,
Wed Oct 26 2016,7:00 pm,Miami Heat,108,Orlando Magic,96,Box Score,,
Wed Oct 26 2016,8:00 pm,Oklahoma City Thunder,103,Philadelphia 76ers,97,Box Score,,
Wed Oct 26 2016,10:00 pm,Sacramento Kings,113,Phoenix Suns,94,Box Score,,
Wed Oct 26 2016,7:30 pm,Detroit Pistons,91,Toronto Raptors,109,Box Score,,
Thu Oct 27 2016,7:30 pm,Washington Wizards,99,Atlanta Hawks,114,Box Score,,
Thu Oct 27 2016,8:00 pm,Boston Celtics,99,Chicago Bulls,105,Box Score,,
Thu Oct 27 2016,10:30 pm,Los Angeles Clippers,114,Portland Trail Blazers,106,Box Score,,
Thu Oct 27 2016,10:30 pm,San Antonio Spurs,102,Sacramento Kings,94,Box Score,,
Fri Oct 28 2016,7:30 pm,Indiana Pacers,94,Brooklyn Nets,103,Box Score,,
Fri Oct 28 2016,8:30 pm,Houston Rockets,106,Dallas Mavericks,98,Box Score,,
Fri Oct 28 2016,7:30 pm,Orlando Magic,82,Detroit Pistons,108,Box Score,,
Fri Oct 28 2016,8:00 pm,Charlotte Hornets,97,Miami Heat,91,Box Score,,
Fri Oct 28 2016,9:30 pm,Golden State Warriors,122,New Orleans Pelicans,114,Box Score,,
Fri Oct 28 2016,8:00 pm,Phoenix Suns,110,Oklahoma City Thunder,113,Box Score,OT,
Fri Oct 28 2016,7:00 pm,Cleveland Cavaliers,94,Toronto Raptors,91,Box Score,,
Fri Oct 28 2016,9:00 pm,Los Angeles Lakers,89,Utah Jazz,96,Box Score,,
Sat Oct 29 2016,8:00 pm,Indiana Pacers,101,Chicago Bulls,118,Box Score,,
Sat Oct 29 2016,7:00 pm,Boston Celtics,104,Charlotte Hornets,98,Box Score,,
Sat Oct 29 2016,7:30 pm,Orlando Magic,99,Cleveland Cavaliers,105,Box Score,,
Sat Oct 29 2016,9:00 pm,Portland Trail Blazers,115,Denver Nuggets,113,Box Score,OT,
Sat Oct 29 2016,8:00 pm,Brooklyn Nets,108,Milwaukee Bucks,110,Box Score,,
Sat Oct 29 2016,7:30 pm,Memphis Grizzlies,104,New York Knicks,111,Box Score,,
Sat Oct 29 2016,12:30 pm,Atlanta Hawks,104,Philadelphia 76ers,72,Box Score,,
Sat Oct 29 2016,10:30 pm,Minnesota Timberwolves,103,Sacramento Kings,106,Box Score,,
Sat Oct 29 2016,8:00 pm,New Orleans Pelicans,79,San Antonio Spurs,98,Box Score,,
Sun Oct 30 2016,6:00 pm,Milwaukee Bucks,83,Detroit Pistons,98,Box Score,,
Sun Oct 30 2016,8:00 pm,Dallas Mavericks,92,Houston Rockets,93,Box Score,,
Sun Oct 30 2016,4:30 pm,Utah Jazz,75,Los Angeles Clippers,88,Box Score,,
Sun Oct 30 2016,8:00 pm,Washington Wizards,103,Memphis Grizzlies,112,Box Score,OT,
Sun Oct 30 2016,6:00 pm,San Antonio Spurs,106,Miami Heat,99,Box Score,,
Sun Oct 30 2016,7:00 pm,Los Angeles Lakers,96,Oklahoma City Thunder,113,Box Score,,
Sun Oct 30 2016,6:00 pm,Golden State Warriors,106,Phoenix Suns,100,Box Score,,
Mon Oct 31 2016,7:30 pm,Sacramento Kings,95,Atlanta Hawks,106,Box Score,,
Mon Oct 31 2016,7:30 pm,Chicago Bulls,118,Brooklyn Nets,88,Box Score,,
Mon Oct 31 2016,10:30 pm,Phoenix Suns,98,Los Angeles Clippers,116,Box Score,,
Mon Oct 31 2016,7:30 pm,Denver Nuggets,102,Toronto Raptors,105,Box Score,,
Tue Nov 1 2016,6:00 pm,Houston Rockets,120,Cleveland Cavaliers,128,Box Score,,
Tue Nov 1 2016,7:30 pm,New York Knicks,89,Detroit Pistons,102,Box Score,,
Tue Nov 1 2016,7:00 pm,Los Angeles Lakers,108,Indiana Pacers,115,Box Score,,
Tue Nov 1 2016,7:30 pm,Sacramento Kings,96,Miami Heat,108,Box Score,OT,
Tue Nov 1 2016,8:00 pm,Memphis Grizzlies,80,Minnesota Timberwolves,116,Box Score,,
Tue Nov 1 2016,8:00 pm,Milwaukee Bucks,117,New Orleans Pelicans,113,Box Score,,
Tue Nov 1 2016,7:00 pm,Orlando Magic,103,Philadelphia 76ers,101,Box Score,,
Tue Nov 1 2016,10:00 pm,Golden State Warriors,127,Portland Trail Blazers,104,Box Score,,
Tue Nov 1 2016,8:30 pm,Utah Jazz,106,San Antonio Spurs,91,Box Score,,
Wed Nov 2 2016,7:30 pm,Los Angeles Lakers,123,Atlanta Hawks,116,Box Score,,
Wed Nov 2 2016,8:00 pm,Chicago Bulls,100,Boston Celtics,107,Box Score,,
Wed Nov 2 2016,7:30 pm,Detroit Pistons,101,Brooklyn Nets,109,Box Score,,
Wed Nov 2 2016,7:00 pm,Philadelphia 76ers,93,Charlotte Hornets,109,Box Score,,
Wed Nov 2 2016,10:30 pm,Oklahoma City Thunder,85,Los Angeles Clippers,83,Box Score,,
Wed Nov 2 2016,8:00 pm,New Orleans Pelicans,83,Memphis Grizzlies,89,Box Score,OT,
Wed Nov 2 2016,7:30 pm,Houston Rockets,118,New York Knicks,99,Box Score,,
Wed Nov 2 2016,10:00 pm,Portland Trail Blazers,115,Phoenix Suns,118,Box Score,OT,
Wed Nov 2 2016,9:00 pm,Dallas Mavericks,81,Utah Jazz,97,Box Score,,
Wed Nov 2 2016,7:00 pm,Toronto Raptors,113,Washington Wizards,103,Box Score,,
Thu Nov 3 2016,8:00 pm,Boston Celtics,122,Cleveland Cavaliers,128,Box Score,,
Thu Nov 3 2016,10:30 pm,Oklahoma City Thunder,96,Golden State Warriors,122,Box Score,,
Thu Nov 3 2016,8:00 pm,Indiana Pacers,107,Milwaukee Bucks,125,Box Score,,
Thu Nov 3 2016,8:00 pm,Denver Nuggets,102,Minnesota Timberwolves,99,Box Score,,
Thu Nov 3 2016,7:00 pm,Sacramento Kings,94,Orlando Magic,102,Box Score,,
Fri Nov 4 2016,7:30 pm,Charlotte Hornets,99,Brooklyn Nets,95,Box Score,,
Fri Nov 4 2016,8:00 pm,New York Knicks,117,Chicago Bulls,104,Box Score,,
Fri Nov 4 2016,8:30 pm,Portland Trail Blazers,105,Dallas Mavericks,95,Box Score,,
Fri Nov 4 2016,10:30 pm,Golden State Warriors,97,Los Angeles Lakers,117,Box Score,,
Fri Nov 4 2016,8:00 pm,Los Angeles Clippers,99,Memphis Grizzlies,88,Box Score,,
Fri Nov 4 2016,8:00 pm,Phoenix Suns,112,New Orleans Pelicans,111,Box Score,OT,
Fri Nov 4 2016,7:30 pm,Miami Heat,87,Toronto Raptors,96,Box Score,,
Fri Nov 4 2016,9:00 pm,San Antonio Spurs,100,Utah Jazz,86,Box Score,,
Fri Nov 4 2016,7:00 pm,Atlanta Hawks,92,Washington Wizards,95,Box Score,,
Sat Nov 5 2016,7:30 pm,Houston Rockets,97,Atlanta Hawks,112,Box Score,,
Sat Nov 5 2016,7:00 pm,Denver Nuggets,86,Detroit Pistons,103,Box Score,,
Sat Nov 5 2016,7:00 pm,Chicago Bulls,94,Indiana Pacers,111,Box Score,,
Sat Nov 5 2016,8:00 pm,Sacramento Kings,91,Milwaukee Bucks,117,Box Score,,
Sat Nov 5 2016,6:00 pm,Minnesota Timberwolves,92,Oklahoma City Thunder,112,Box Score,,
Sat Nov 5 2016,7:00 pm,Washington Wizards,86,Orlando Magic,88,Box Score,,
Sat Nov 5 2016,7:00 pm,Cleveland Cavaliers,102,Philadelphia 76ers,101,Box Score,,
Sat Nov 5 2016,8:30 pm,Los Angeles Clippers,116,San Antonio Spurs,92,Box Score,,
Sun Nov 6 2016,7:30 pm,Denver Nuggets,123,Boston Celtics,107,Box Score,,
Sun Nov 6 2016,7:00 pm,Milwaukee Bucks,75,Dallas Mavericks,86,Box Score,OT,
Sun Nov 6 2016,9:30 pm,Phoenix Suns,108,Los Angeles Lakers,119,Box Score,,
Sun Nov 6 2016,3:30 pm,Portland Trail Blazers,100,Memphis Grizzlies,94,Box Score,,
Sun Nov 6 2016,12:00 pm,Utah Jazz,114,New York Knicks,109,Box Score,,
Sun Nov 6 2016,6:00 pm,Sacramento Kings,96,Toronto Raptors,91,Box Score,,
Mon Nov 7 2016,8:00 pm,Orlando Magic,80,Chicago Bulls,112,Box Score,,
Mon Nov 7 2016,7:00 pm,Indiana Pacers,100,Charlotte Hornets,122,Box Score,,
Mon Nov 7 2016,10:30 pm,New Orleans Pelicans,106,Golden State Warriors,116,Box Score,,
Mon Nov 7 2016,10:30 pm,Detroit Pistons,82,Los Angeles Clippers,114,Box Score,,
Mon Nov 7 2016,8:00 pm,Miami Heat,85,Oklahoma City Thunder,97,Box Score,,
Mon Nov 7 2016,7:00 pm,Utah Jazz,109,Philadelphia 76ers,84,Box Score,,
Mon Nov 7 2016,7:00 pm,Houston Rockets,114,Washington Wizards,106,Box Score,,
Tue Nov 8 2016,7:30 pm,Minnesota Timberwolves,110,Brooklyn Nets,119,Box Score,,
Tue Nov 8 2016,7:00 pm,Atlanta Hawks,110,Cleveland Cavaliers,106,Box Score,,
Tue Nov 8 2016,10:30 pm,Dallas Mavericks,109,Los Angeles Lakers,97,Box Score,,
Tue Nov 8 2016,8:00 pm,Denver Nuggets,107,Memphis Grizzlies,108,Box Score,,
Tue Nov 8 2016,10:00 pm,Phoenix Suns,121,Portland Trail Blazers,124,Box Score,,
Tue Nov 8 2016,10:30 pm,New Orleans Pelicans,94,Sacramento Kings,102,Box Score,,
Wed Nov 9 2016,7:30 pm,Chicago Bulls,107,Atlanta Hawks,115,Box Score,,
Wed Nov 9 2016,7:00 pm,Utah Jazz,98,Charlotte Hornets,104,Box Score,,
Wed Nov 9 2016,10:30 pm,Dallas Mavericks,95,Golden State Warriors,116,Box Score,,
Wed Nov 9 2016,7:00 pm,Philadelphia 76ers,115,Indiana Pacers,122,Box Score,OT,
Wed Nov 9 2016,10:30 pm,Portland Trail Blazers,80,Los Angeles Clippers,111,Box Score,,
Wed Nov 9 2016,7:00 pm,Brooklyn Nets,96,New York Knicks,110,Box Score,,
Wed Nov 9 2016,8:00 pm,Toronto Raptors,112,Oklahoma City Thunder,102,Box Score,,
Wed Nov 9 2016,7:00 pm,Minnesota Timberwolves,123,Orlando Magic,107,Box Score,,
Wed Nov 9 2016,9:00 pm,Detroit Pistons,100,Phoenix Suns,107,Box Score,,
Wed Nov 9 2016,9:30 pm,Houston Rockets,101,San Antonio Spurs,99,Box Score,,
Wed Nov 9 2016,7:00 pm,Boston Celtics,93,Washington Wizards,118,Box Score,,
Thu Nov 10 2016,9:00 pm,Golden State Warriors,125,Denver Nuggets,101,Box Score,,
Thu Nov 10 2016,8:00 pm,Chicago Bulls,98,Miami Heat,95,Box Score,,
Thu Nov 10 2016,8:00 pm,New Orleans Pelicans,112,Milwaukee Bucks,106,Box Score,,
Thu Nov 10 2016,10:30 pm,Los Angeles Lakers,101,Sacramento Kings,91,Box Score,,
Fri Nov 11 2016,7:30 pm,New York Knicks,87,Boston Celtics,115,Box Score,,
Fri Nov 11 2016,7:00 pm,Toronto Raptors,113,Charlotte Hornets,111,Box Score,,
Fri Nov 11 2016,8:00 pm,Los Angeles Clippers,110,Oklahoma City Thunder,108,Box Score,,
Fri Nov 11 2016,7:00 pm,Utah Jazz,87,Orlando Magic,74,Box Score,,
Fri Nov 11 2016,7:00 pm,Indiana Pacers,105,Philadelphia 76ers,109,Box Score,OT,
Fri Nov 11 2016,10:00 pm,Sacramento Kings,120,Portland Trail Blazers,122,Box Score,OT,
Fri Nov 11 2016,8:30 pm,Detroit Pistons,86,San Antonio Spurs,96,Box Score,,
Fri Nov 11 2016,7:00 pm,Cleveland Cavaliers,105,Washington Wizards,94,Box Score,,
Sat Nov 12 2016,7:30 pm,Philadelphia 76ers,96,Atlanta Hawks,117,Box Score,,
Sat Nov 12 2016,8:00 pm,Washington Wizards,95,Chicago Bulls,106,Box Score,,
Sat Nov 12 2016,9:00 pm,Detroit Pistons,106,Denver Nuggets,95,Box Score,,
Sat Nov 12 2016,8:00 pm,San Antonio Spurs,106,Houston Rockets,100,Box Score,,
Sat Nov 12 2016,7:00 pm,Boston Celtics,105,Indiana Pacers,99,Box Score,,
Sat Nov 12 2016,8:00 pm,Utah Jazz,102,Miami Heat,91,Box Score,,
Sat Nov 12 2016,8:30 pm,Memphis Grizzlies,96,Milwaukee Bucks,106,Box Score,,
Sat Nov 12 2016,8:00 pm,Los Angeles Clippers,119,Minnesota Timberwolves,105,Box Score,,
Sat Nov 12 2016,7:00 pm,Los Angeles Lakers,126,New Orleans Pelicans,99,Box Score,,
Sat Nov 12 2016,9:00 pm,Brooklyn Nets,122,Phoenix Suns,104,Box Score,,
Sat Nov 12 2016,7:30 pm,New York Knicks,107,Toronto Raptors,118,Box Score,,
Sun Nov 13 2016,3:30 pm,Charlotte Hornets,93,Cleveland Cavaliers,100,Box Score,,
Sun Nov 13 2016,8:00 pm,Phoenix Suns,120,Golden State Warriors,133,Box Score,,
Sun Nov 13 2016,7:00 pm,Los Angeles Lakers,99,Minnesota Timberwolves,125,Box Score,,
Sun Nov 13 2016,7:00 pm,Orlando Magic,119,Oklahoma City Thunder,117,Box Score,,
Sun Nov 13 2016,9:00 pm,Denver Nuggets,105,Portland Trail Blazers,112,Box Score,,
Mon Nov 14 2016,7:30 pm,Oklahoma City Thunder,88,Detroit Pistons,104,Box Score,,
Mon Nov 14 2016,8:00 pm,Philadelphia 76ers,88,Houston Rockets,115,Box Score,,
Mon Nov 14 2016,7:00 pm,Orlando Magic,69,Indiana Pacers,88,Box Score,,
Mon Nov 14 2016,10:30 pm,Brooklyn Nets,95,Los Angeles Clippers,127,Box Score,,
Mon Nov 14 2016,8:00 pm,Boston Celtics,105,New Orleans Pelicans,106,Box Score,,
Mon Nov 14 2016,7:30 pm,Dallas Mavericks,77,New York Knicks,93,Box Score,,
Mon Nov 14 2016,8:30 pm,Miami Heat,90,San Antonio Spurs,94,Box Score,,
Mon Nov 14 2016,9:00 pm,Memphis Grizzlies,102,Utah Jazz,96,Box Score,,
Tue Nov 15 2016,7:00 pm,Toronto Raptors,117,Cleveland Cavaliers,121,Box Score,,
Tue Nov 15 2016,10:30 pm,Brooklyn Nets,118,Los Angeles Lakers,125,Box Score,,
Tue Nov 15 2016,7:30 pm,Atlanta Hawks,93,Miami Heat,90,Box Score,,
Tue Nov 15 2016,8:00 pm,Charlotte Hornets,115,Minnesota Timberwolves,108,Box Score,,
Tue Nov 15 2016,10:00 pm,Chicago Bulls,113,Portland Trail Blazers,88,Box Score,,
Wed Nov 16 2016,7:30 pm,Milwaukee Bucks,100,Atlanta Hawks,107,Box Score,,
Wed Nov 16 2016,7:30 pm,Dallas Mavericks,83,Boston Celtics,90,Box Score,,
Wed Nov 16 2016,9:00 pm,Phoenix Suns,104,Denver Nuggets,120,Box Score,,
Wed Nov 16 2016,7:00 pm,Cleveland Cavaliers,93,Indiana Pacers,103,Box Score,,
Wed Nov 16 2016,10:30 pm,Memphis Grizzlies,111,Los Angeles Clippers,107,Box Score,,
Wed Nov 16 2016,7:30 pm,Detroit Pistons,102,New York Knicks,105,Box Score,,
Wed Nov 16 2016,8:00 pm,Houston Rockets,103,Oklahoma City Thunder,105,Box Score,,
Wed Nov 16 2016,7:00 pm,New Orleans Pelicans,82,Orlando Magic,89,Box Score,,
Wed Nov 16 2016,7:00 pm,Washington Wizards,102,Philadelphia 76ers,109,Box Score,,
Wed Nov 16 2016,10:30 pm,San Antonio Spurs,110,Sacramento Kings,105,Box Score,,
Wed Nov 16 2016,8:00 pm,Golden State Warriors,127,Toronto Raptors,121,Box Score,,
Thu Nov 17 2016,8:00 pm,Portland Trail Blazers,109,Houston Rockets,126,Box Score,,
Thu Nov 17 2016,7:30 pm,Milwaukee Bucks,73,Miami Heat,96,Box Score,,
Thu Nov 17 2016,8:00 pm,Philadelphia 76ers,86,Minnesota Timberwolves,110,Box Score,,
Thu Nov 17 2016,10:30 pm,Chicago Bulls,85,Utah Jazz,77,Box Score,,
Thu Nov 17 2016,7:00 pm,New York Knicks,112,Washington Wizards,119,Box Score,,
Fri Nov 18 2016,8:00 pm,Golden State Warriors,104,Boston Celtics,88,Box Score,,
Fri Nov 18 2016,7:00 pm,Atlanta Hawks,96,Charlotte Hornets,100,Box Score,,
Fri Nov 18 2016,7:30 pm,Detroit Pistons,81,Cleveland Cavaliers,104,Box Score,,
Fri Nov 18 2016,8:30 pm,Memphis Grizzlies,80,Dallas Mavericks,64,Box Score,,
Fri Nov 18 2016,9:00 pm,Toronto Raptors,113,Denver Nuggets,111,Box Score,OT,
Fri Nov 18 2016,7:00 pm,Phoenix Suns,116,Indiana Pacers,96,Box Score,,
Fri Nov 18 2016,10:30 pm,San Antonio Spurs,116,Los Angeles Lakers,107,Box Score,,
Fri Nov 18 2016,8:00 pm,Portland Trail Blazers,101,New Orleans Pelicans,113,Box Score,,
Fri Nov 18 2016,8:00 pm,Brooklyn Nets,105,Oklahoma City Thunder,124,Box Score,,
Fri Nov 18 2016,10:30 pm,Los Angeles Clippers,121,Sacramento Kings,115,Box Score,,
Sat Nov 19 2016,7:00 pm,Boston Celtics,94,Detroit Pistons,92,Box Score,,
Sat Nov 19 2016,5:00 pm,Utah Jazz,102,Houston Rockets,111,Box Score,,
Sat Nov 19 2016,10:30 pm,Chicago Bulls,95,Los Angeles Clippers,102,Box Score,,
Sat Nov 19 2016,8:00 pm,Minnesota Timberwolves,71,Memphis Grizzlies,93,Box Score,,
Sat Nov 19 2016,8:30 pm,Golden State Warriors,124,Milwaukee Bucks,121,Box Score,,
Sat Nov 19 2016,7:00 pm,Charlotte Hornets,116,New Orleans Pelicans,121,Box Score,OT,
Sat Nov 19 2016,7:00 pm,Dallas Mavericks,87,Orlando Magic,95,Box Score,,
Sat Nov 19 2016,7:30 pm,Phoenix Suns,105,Philadelphia 76ers,120,Box Score,,
Sat Nov 19 2016,7:00 pm,Miami Heat,114,Washington Wizards,111,Box Score,,
Sun Nov 20 2016,3:30 pm,Portland Trail Blazers,129,Brooklyn Nets,109,Box Score,,
Sun Nov 20 2016,9:00 pm,Utah Jazz,91,Denver Nuggets,105,Box Score,,
Sun Nov 20 2016,9:30 pm,Chicago Bulls,118,Los Angeles Lakers,110,Box Score,,
Sun Nov 20 2016,12:00 pm,Atlanta Hawks,94,New York Knicks,104,Box Score,,
Sun Nov 20 2016,7:00 pm,Indiana Pacers,115,Oklahoma City Thunder,111,Box Score,OT,
Sun Nov 20 2016,9:00 pm,Toronto Raptors,99,Sacramento Kings,102,Box Score,,
Mon Nov 21 2016,7:00 pm,Memphis Grizzlies,105,Charlotte Hornets,90,Box Score,,
Mon Nov 21 2016,7:30 pm,Houston Rockets,99,Detroit Pistons,96,Box Score,,
Mon Nov 21 2016,7:00 pm,Golden State Warriors,120,Indiana Pacers,83,Box Score,,
Mon Nov 21 2016,10:30 pm,Toronto Raptors,115,Los Angeles Clippers,123,Box Score,,
Mon Nov 21 2016,8:00 pm,Orlando Magic,89,Milwaukee Bucks,93,Box Score,,
Mon Nov 21 2016,8:00 pm,Boston Celtics,99,Minnesota Timberwolves,93,Box Score,,
Mon Nov 21 2016,7:00 pm,Miami Heat,94,Philadelphia 76ers,101,Box Score,,
Mon Nov 21 2016,8:30 pm,Dallas Mavericks,91,San Antonio Spurs,96,Box Score,,
Mon Nov 21 2016,7:00 pm,Phoenix Suns,101,Washington Wizards,106,Box Score,,
Tue Nov 22 2016,7:30 pm,New Orleans Pelicans,112,Atlanta Hawks,94,Box Score,,
Tue Nov 22 2016,9:00 pm,Chicago Bulls,107,Denver Nuggets,110,Box Score,,
Tue Nov 22 2016,10:30 pm,Oklahoma City Thunder,109,Los Angeles Lakers,111,Box Score,,
Tue Nov 22 2016,7:30 pm,Portland Trail Blazers,103,New York Knicks,107,Box Score,,
Wed Nov 23 2016,7:30 pm,Boston Celtics,111,Brooklyn Nets,92,Box Score,,
Wed Nov 23 2016,7:00 pm,San Antonio Spurs,119,Charlotte Hornets,114,Box Score,,
Wed Nov 23 2016,7:00 pm,Portland Trail Blazers,125,Cleveland Cavaliers,137,Box Score,,
Wed Nov 23 2016,8:30 pm,Los Angeles Clippers,124,Dallas Mavericks,104,Box Score,,
Wed Nov 23 2016,7:30 pm,Miami Heat,84,Detroit Pistons,107,Box Score,,
Wed Nov 23 2016,10:30 pm,Los Angeles Lakers,106,Golden State Warriors,149,Box Score,,
Wed Nov 23 2016,8:00 pm,Toronto Raptors,115,Houston Rockets,102,Box Score,,
Wed Nov 23 2016,7:00 pm,Atlanta Hawks,96,Indiana Pacers,85,Box Score,,
Wed Nov 23 2016,9:30 pm,Minnesota Timberwolves,96,New Orleans Pelicans,117,Box Score,,
Wed Nov 23 2016,7:00 pm,Phoenix Suns,92,Orlando Magic,87,Box Score,,
Wed Nov 23 2016,7:00 pm,Memphis Grizzlies,104,Philadelphia 76ers,99,Box Score,2OT,
Wed Nov 23 2016,10:30 pm,Oklahoma City Thunder,101,Sacramento Kings,116,Box Score,,
Wed Nov 23 2016,9:00 pm,Denver Nuggets,83,Utah Jazz,108,Box Score,,
Fri Nov 25 2016,1:00 pm,San Antonio Spurs,109,Boston Celtics,103,Box Score,,
Fri Nov 25 2016,7:30 pm,Dallas Mavericks,90,Cleveland Cavaliers,128,Box Score,,
Fri Nov 25 2016,9:00 pm,Oklahoma City Thunder,132,Denver Nuggets,129,Box Score,OT,
Fri Nov 25 2016,7:30 pm,Los Angeles Clippers,97,Detroit Pistons,108,Box Score,,
Fri Nov 25 2016,8:00 pm,Brooklyn Nets,97,Indiana Pacers,118,Box Score,,
Fri Nov 25 2016,10:30 pm,Golden State Warriors,109,Los Angeles Lakers,85,Box Score,,
Fri Nov 25 2016,8:00 pm,Miami Heat,90,Memphis Grizzlies,81,Box Score,,
Fri Nov 25 2016,8:00 pm,Toronto Raptors,105,Milwaukee Bucks,99,Box Score,,
Fri Nov 25 2016,7:30 pm,Charlotte Hornets,111,New York Knicks,113,Box Score,OT,
Fri Nov 25 2016,7:00 pm,Washington Wizards,94,Orlando Magic,91,Box Score,,
Fri Nov 25 2016,7:30 pm,Chicago Bulls,105,Philadelphia 76ers,89,Box Score,,
Fri Nov 25 2016,9:00 pm,Minnesota Timberwolves,98,Phoenix Suns,85,Box Score,,
Fri Nov 25 2016,10:00 pm,New Orleans Pelicans,104,Portland Trail Blazers,119,Box Score,,
Fri Nov 25 2016,10:30 pm,Houston Rockets,117,Sacramento Kings,104,Box Score,,
Fri Nov 25 2016,8:00 pm,Atlanta Hawks,68,Utah Jazz,95,Box Score,,
Sat Nov 26 2016,7:00 pm,New York Knicks,102,Charlotte Hornets,107,Box Score,,
Sat Nov 26 2016,10:30 pm,Minnesota Timberwolves,102,Golden State Warriors,115,Box Score,,
Sat Nov 26 2016,8:00 pm,Memphis Grizzlies,110,Miami Heat,107,Box Score,,
Sat Nov 26 2016,8:00 pm,Detroit Pistons,88,Oklahoma City Thunder,106,Box Score,,
Sat Nov 26 2016,7:00 pm,San Antonio Spurs,112,Washington Wizards,100,Box Score,,
Sun Nov 27 2016,6:00 pm,Sacramento Kings,122,Brooklyn Nets,105,Box Score,,
Sun Nov 27 2016,7:00 pm,New Orleans Pelicans,81,Dallas Mavericks,91,Box Score,,
Sun Nov 27 2016,6:00 pm,Los Angeles Clippers,70,Indiana Pacers,91,Box Score,,
Sun Nov 27 2016,9:30 pm,Atlanta Hawks,94,Los Angeles Lakers,109,Box Score,,
Sun Nov 27 2016,6:00 pm,Milwaukee Bucks,104,Orlando Magic,96,Box Score,,
Sun Nov 27 2016,1:00 pm,Cleveland Cavaliers,112,Philadelphia 76ers,108,Box Score,,
Sun Nov 27 2016,3:30 pm,Denver Nuggets,120,Phoenix Suns,114,Box Score,,
Sun Nov 27 2016,9:00 pm,Houston Rockets,130,Portland Trail Blazers,114,Box Score,,
Mon Nov 28 2016,10:30 pm,Atlanta Hawks,100,Golden State Warriors,105,Box Score,,
Mon Nov 28 2016,8:00 pm,Charlotte Hornets,104,Memphis Grizzlies,85,Box Score,,
Mon Nov 28 2016,7:30 pm,Boston Celtics,112,Miami Heat,104,Box Score,,
Mon Nov 28 2016,8:00 pm,Utah Jazz,112,Minnesota Timberwolves,103,Box Score,,
Mon Nov 28 2016,7:30 pm,Oklahoma City Thunder,112,New York Knicks,103,Box Score,,
Mon Nov 28 2016,7:30 pm,Philadelphia 76ers,95,Toronto Raptors,122,Box Score,,
Mon Nov 28 2016,7:00 pm,Sacramento Kings,95,Washington Wizards,101,Box Score,OT,
Tue Nov 29 2016,7:30 pm,Los Angeles Clippers,122,Brooklyn Nets,127,Box Score,2OT,
Tue Nov 29 2016,7:00 pm,Detroit Pistons,112,Charlotte Hornets,89,Box Score,,
Tue Nov 29 2016,8:00 pm,Cleveland Cavaliers,101,Milwaukee Bucks,118,Box Score,,
Tue Nov 29 2016,8:00 pm,Los Angeles Lakers,88,New Orleans Pelicans,105,Box Score,,
Tue Nov 29 2016,8:30 pm,Orlando Magic,95,San Antonio Spurs,83,Box Score,,
Tue Nov 29 2016,9:00 pm,Houston Rockets,101,Utah Jazz,120,Box Score,,
Wed Nov 30 2016,7:30 pm,Detroit Pistons,121,Boston Celtics,114,Box Score,,
Wed Nov 30 2016,8:00 pm,Los Angeles Lakers,96,Chicago Bulls,90,Box Score,,
Wed Nov 30 2016,8:30 pm,San Antonio Spurs,94,Dallas Mavericks,87,Box Score,,
Wed Nov 30 2016,9:00 pm,Miami Heat,106,Denver Nuggets,98,Box Score,,
Wed Nov 30 2016,8:00 pm,New York Knicks,106,Minnesota Timberwolves,104,Box Score,,
Wed Nov 30 2016,8:00 pm,Washington Wizards,115,Oklahoma City Thunder,126,Box Score,OT,
Wed Nov 30 2016,9:00 pm,Atlanta Hawks,107,Phoenix Suns,109,Box Score,,
Wed Nov 30 2016,10:00 pm,Indiana Pacers,109,Portland Trail Blazers,131,Box Score,,
Wed Nov 30 2016,7:30 pm,Memphis Grizzlies,105,Toronto Raptors,120,Box Score,,
Thu Dec 1 2016,7:30 pm,Milwaukee Bucks,111,Brooklyn Nets,93,Box Score,,
Thu Dec 1 2016,7:00 pm,Dallas Mavericks,87,Charlotte Hornets,97,Box Score,,
Thu Dec 1 2016,8:00 pm,Los Angeles Clippers,113,Cleveland Cavaliers,94,Box Score,,
Thu Dec 1 2016,10:30 pm,Houston Rockets,132,Golden State Warriors,127,Box Score,2OT,
Thu Dec 1 2016,8:00 pm,Orlando Magic,94,Memphis Grizzlies,95,Box Score,,
Thu Dec 1 2016,9:00 pm,Miami Heat,111,Utah Jazz,110,Box Score,,
Fri Dec 2 2016,8:00 pm,Detroit Pistons,121,Atlanta Hawks,85,Box Score,,
Fri Dec 2 2016,7:30 pm,Sacramento Kings,92,Boston Celtics,97,Box Score,,
Fri Dec 2 2016,8:00 pm,Cleveland Cavaliers,105,Chicago Bulls,111,Box Score,,
Fri Dec 2 2016,10:30 pm,Houston Rockets,128,Denver Nuggets,110,Box Score,,
Fri Dec 2 2016,8:00 pm,Los Angeles Clippers,114,New Orleans Pelicans,96,Box Score,,
Fri Dec 2 2016,7:30 pm,Minnesota Timberwolves,114,New York Knicks,118,Box Score,,
Fri Dec 2 2016,7:00 pm,Orlando Magic,105,Philadelphia 76ers,88,Box Score,,
Fri Dec 2 2016,8:30 pm,Washington Wizards,105,San Antonio Spurs,107,Box Score,,
Fri Dec 2 2016,7:30 pm,Los Angeles Lakers,80,Toronto Raptors,113,Box Score,,
Sat Dec 3 2016,7:00 pm,Minnesota Timberwolves,125,Charlotte Hornets,120,Box Score,OT,
Sat Dec 3 2016,8:30 pm,Chicago Bulls,82,Dallas Mavericks,107,Box Score,,
Sat Dec 3 2016,10:30 pm,Phoenix Suns,109,Golden State Warriors,138,Box Score,,
Sat Dec 3 2016,8:00 pm,Los Angeles Lakers,100,Memphis Grizzlies,103,Box Score,,
Sat Dec 3 2016,5:00 pm,Brooklyn Nets,103,Milwaukee Bucks,112,Box Score,,
Sat Dec 3 2016,7:30 pm,Boston Celtics,107,Philadelphia 76ers,106,Box Score,,
Sat Dec 3 2016,10:00 pm,Miami Heat,92,Portland Trail Blazers,99,Box Score,,
Sat Dec 3 2016,7:30 pm,Atlanta Hawks,84,Toronto Raptors,128,Box Score,,
Sat Dec 3 2016,9:00 pm,Denver Nuggets,98,Utah Jazz,105,Box Score,,
Sun Dec 4 2016,6:00 pm,Orlando Magic,98,Detroit Pistons,92,Box Score,,
Sun Dec 4 2016,9:30 pm,Indiana Pacers,111,Los Angeles Clippers,102,Box Score,,
Sun Dec 4 2016,7:30 pm,Sacramento Kings,98,New York Knicks,106,Box Score,,
Sun Dec 4 2016,7:00 pm,New Orleans Pelicans,92,Oklahoma City Thunder,101,Box Score,,
Mon Dec 5 2016,7:30 pm,Oklahoma City Thunder,102,Atlanta Hawks,99,Box Score,,
Mon Dec 5 2016,7:30 pm,Washington Wizards,118,Brooklyn Nets,113,Box Score,,
Mon Dec 5 2016,8:00 pm,Portland Trail Blazers,112,Chicago Bulls,110,Box Score,,
Mon Dec 5 2016,8:30 pm,Charlotte Hornets,109,Dallas Mavericks,101,Box Score,,
Mon Dec 5 2016,10:30 pm,Indiana Pacers,106,Golden State Warriors,142,Box Score,,
Mon Dec 5 2016,8:00 pm,Boston Celtics,106,Houston Rockets,107,Box Score,,
Mon Dec 5 2016,10:30 pm,Utah Jazz,107,Los Angeles Lakers,101,Box Score,,
Mon Dec 5 2016,8:00 pm,San Antonio Spurs,97,Milwaukee Bucks,96,Box Score,,
Mon Dec 5 2016,8:00 pm,Memphis Grizzlies,110,New Orleans Pelicans,108,Box Score,2OT,
Mon Dec 5 2016,7:00 pm,Denver Nuggets,106,Philadelphia 76ers,98,Box Score,,
Mon Dec 5 2016,7:30 pm,Cleveland Cavaliers,116,Toronto Raptors,112,Box Score,,
Tue Dec 6 2016,7:30 pm,Chicago Bulls,91,Detroit Pistons,102,Box Score,,
Tue Dec 6 2016,8:00 pm,Philadelphia 76ers,91,Memphis Grizzlies,96,Box Score,,
Tue Dec 6 2016,7:30 pm,New York Knicks,114,Miami Heat,103,Box Score,,
Tue Dec 6 2016,8:00 pm,San Antonio Spurs,105,Minnesota Timberwolves,91,Box Score,,
Tue Dec 6 2016,9:00 pm,Phoenix Suns,105,Utah Jazz,112,Box Score,,
Tue Dec 6 2016,7:00 pm,Orlando Magic,124,Washington Wizards,116,Box Score,,
Wed Dec 7 2016,7:30 pm,Miami Heat,95,Atlanta Hawks,103,Box Score,,
Wed Dec 7 2016,7:30 pm,Denver Nuggets,111,Brooklyn Nets,116,Box Score,,
Wed Dec 7 2016,7:00 pm,Detroit Pistons,77,Charlotte Hornets,87,Box Score,,
Wed Dec 7 2016,8:30 pm,Sacramento Kings,120,Dallas Mavericks,89,Box Score,,
Wed Dec 7 2016,8:00 pm,Los Angeles Lakers,95,Houston Rockets,134,Box Score,,
Wed Dec 7 2016,10:30 pm,Golden State Warriors,115,Los Angeles Clippers,98,Box Score,,
Wed Dec 7 2016,8:00 pm,Portland Trail Blazers,107,Milwaukee Bucks,115,Box Score,,
Wed Dec 7 2016,8:00 pm,Cleveland Cavaliers,126,New York Knicks,94,Box Score,,
Wed Dec 7 2016,7:00 pm,Boston Celtics,117,Orlando Magic,87,Box Score,,
Wed Dec 7 2016,9:00 pm,Indiana Pacers,109,Phoenix Suns,94,Box Score,,
Thu Dec 8 2016,9:30 pm,San Antonio Spurs,91,Chicago Bulls,95,Box Score,,
Thu Dec 8 2016,8:00 pm,Portland Trail Blazers,86,Memphis Grizzlies,88,Box Score,,
Thu Dec 8 2016,8:00 pm,Philadelphia 76ers,99,New Orleans Pelicans,88,Box Score,,
Thu Dec 8 2016,7:00 pm,Minnesota Timberwolves,110,Toronto Raptors,124,Box Score,,
Thu Dec 8 2016,9:00 pm,Golden State Warriors,106,Utah Jazz,99,Box Score,,
Thu Dec 8 2016,7:00 pm,Denver Nuggets,85,Washington Wizards,92,Box Score,,
Fri Dec 9 2016,7:30 pm,Toronto Raptors,101,Boston Celtics,94,Box Score,,
Fri Dec 9 2016,7:00 pm,Orlando Magic,88,Charlotte Hornets,109,Box Score,,
Fri Dec 9 2016,7:30 pm,Miami Heat,84,Cleveland Cavaliers,114,Box Score,,
Fri Dec 9 2016,8:30 pm,Indiana Pacers,103,Dallas Mavericks,111,Box Score,,
Fri Dec 9 2016,10:30 pm,Phoenix Suns,119,Los Angeles Lakers,115,Box Score,,
Fri Dec 9 2016,8:00 pm,Atlanta Hawks,114,Milwaukee Bucks,110,Box Score,,
Fri Dec 9 2016,8:00 pm,Detroit Pistons,117,Minnesota Timberwolves,90,Box Score,,
Fri Dec 9 2016,8:00 pm,Houston Rockets,102,Oklahoma City Thunder,99,Box Score,,
Fri Dec 9 2016,10:30 pm,New York Knicks,103,Sacramento Kings,100,Box Score,,
Sat Dec 10 2016,8:00 pm,Miami Heat,100,Chicago Bulls,105,Box Score,,
Sat Dec 10 2016,7:30 pm,Charlotte Hornets,105,Cleveland Cavaliers,116,Box Score,,
Sat Dec 10 2016,8:00 pm,Dallas Mavericks,87,Houston Rockets,109,Box Score,,
Sat Dec 10 2016,7:00 pm,Portland Trail Blazers,111,Indiana Pacers,118,Box Score,,
Sat Dec 10 2016,10:30 pm,New Orleans Pelicans,105,Los Angeles Clippers,133,Box Score,,
Sat Dec 10 2016,8:00 pm,Golden State Warriors,89,Memphis Grizzlies,110,Box Score,,
Sat Dec 10 2016,7:00 pm,Denver Nuggets,121,Orlando Magic,113,Box Score,,
Sat Dec 10 2016,8:30 pm,Brooklyn Nets,101,San Antonio Spurs,130,Box Score,,
Sat Dec 10 2016,9:00 pm,Sacramento Kings,84,Utah Jazz,104,Box Score,,
Sat Dec 10 2016,7:00 pm,Milwaukee Bucks,105,Washington Wizards,110,Box Score,,
Sun Dec 11 2016,6:00 pm,Philadelphia 76ers,97,Detroit Pistons,79,Box Score,,
Sun Dec 11 2016,9:30 pm,New York Knicks,118,Los Angeles Lakers,112,Box Score,,
Sun Dec 11 2016,7:00 pm,Golden State Warriors,116,Minnesota Timberwolves,108,Box Score,,
Sun Dec 11 2016,7:00 pm,Boston Celtics,96,Oklahoma City Thunder,99,Box Score,,
Sun Dec 11 2016,8:30 pm,New Orleans Pelicans,120,Phoenix Suns,119,Box Score,OT,
Mon Dec 12 2016,8:30 pm,Denver Nuggets,92,Dallas Mavericks,112,Box Score,,
Mon Dec 12 2016,8:00 pm,Brooklyn Nets,118,Houston Rockets,122,Box Score,,
Mon Dec 12 2016,7:00 pm,Charlotte Hornets,94,Indiana Pacers,110,Box Score,,
Mon Dec 12 2016,10:30 pm,Portland Trail Blazers,120,Los Angeles Clippers,121,Box Score,,
Mon Dec 12 2016,7:30 pm,Washington Wizards,101,Miami Heat,112,Box Score,,
Mon Dec 12 2016,10:30 pm,Los Angeles Lakers,92,Sacramento Kings,116,Box Score,,
Mon Dec 12 2016,7:30 pm,Milwaukee Bucks,100,Toronto Raptors,122,Box Score,,
Tue Dec 13 2016,7:30 pm,Orlando Magic,131,Atlanta Hawks,120,Box Score,,
Tue Dec 13 2016,8:00 pm,Minnesota Timberwolves,99,Chicago Bulls,94,Box Score,,
Tue Dec 13 2016,7:00 pm,Memphis Grizzlies,86,Cleveland Cavaliers,103,Box Score,,
Tue Dec 13 2016,8:00 pm,Golden State Warriors,113,New Orleans Pelicans,109,Box Score,,
Tue Dec 13 2016,9:00 pm,New York Knicks,111,Phoenix Suns,113,Box Score,OT,
Tue Dec 13 2016,10:30 pm,Oklahoma City Thunder,95,Portland Trail Blazers,114,Box Score,,
Wed Dec 14 2016,7:30 pm,Los Angeles Lakers,97,Brooklyn Nets,107,Box Score,,
Wed Dec 14 2016,8:30 pm,Detroit Pistons,95,Dallas Mavericks,85,Box Score,,
Wed Dec 14 2016,8:00 pm,Sacramento Kings,98,Houston Rockets,132,Box Score,,
Wed Dec 14 2016,8:00 pm,Cleveland Cavaliers,85,Memphis Grizzlies,93,Box Score,,
Wed Dec 14 2016,7:00 pm,Indiana Pacers,89,Miami Heat,95,Box Score,,
Wed Dec 14 2016,7:00 pm,Los Angeles Clippers,113,Orlando Magic,108,Box Score,,
Wed Dec 14 2016,7:00 pm,Toronto Raptors,123,Philadelphia 76ers,114,Box Score,,
Wed Dec 14 2016,9:30 pm,Boston Celtics,101,San Antonio Spurs,108,Box Score,,
Wed Dec 14 2016,9:00 pm,Oklahoma City Thunder,89,Utah Jazz,109,Box Score,,
Wed Dec 14 2016,7:00 pm,Charlotte Hornets,106,Washington Wizards,109,Box Score,,
Thu Dec 15 2016,9:00 pm,Portland Trail Blazers,120,Denver Nuggets,132,Box Score,,
Thu Dec 15 2016,10:30 pm,New York Knicks,90,Golden State Warriors,103,Box Score,,
Thu Dec 15 2016,8:00 pm,Chicago Bulls,97,Milwaukee Bucks,108,Box Score,,
Thu Dec 15 2016,8:00 pm,Indiana Pacers,95,New Orleans Pelicans,102,Box Score,,
Thu Dec 15 2016,9:00 pm,San Antonio Spurs,107,Phoenix Suns,92,Box Score,,
Fri Dec 16 2016,7:30 pm,Charlotte Hornets,88,Boston Celtics,96,Box Score,,
Fri Dec 16 2016,8:00 pm,Milwaukee Bucks,95,Chicago Bulls,69,Box Score,,
Fri Dec 16 2016,8:00 pm,New Orleans Pelicans,100,Houston Rockets,122,Box Score,,
Fri Dec 16 2016,8:00 pm,Sacramento Kings,96,Memphis Grizzlies,92,Box Score,,
Fri Dec 16 2016,8:00 pm,Los Angeles Clippers,102,Miami Heat,98,Box Score,,
Fri Dec 16 2016,7:00 pm,Brooklyn Nets,111,Orlando Magic,118,Box Score,,
Fri Dec 16 2016,8:00 pm,Los Angeles Lakers,100,Philadelphia 76ers,89,Box Score,,
Fri Dec 16 2016,7:30 pm,Atlanta Hawks,125,Toronto Raptors,121,Box Score,,
Fri Dec 16 2016,10:30 pm,Dallas Mavericks,100,Utah Jazz,103,Box Score,,
Fri Dec 16 2016,7:00 pm,Detroit Pistons,108,Washington Wizards,122,Box Score,,
Sat Dec 17 2016,7:30 pm,Charlotte Hornets,,Atlanta Hawks,,,,
Sat Dec 17 2016,7:30 pm,Los Angeles Lakers,,Cleveland Cavaliers,,,,
Sat Dec 17 2016,9:00 pm,New York Knicks,,Denver Nuggets,,,,
Sat Dec 17 2016,7:00 pm,Indiana Pacers,,Detroit Pistons,,,,
Sat Dec 17 2016,10:30 pm,Portland Trail Blazers,,Golden State Warriors,,,,
Sat Dec 17 2016,8:00 pm,Houston Rockets,,Minnesota Timberwolves,,,,
Sat Dec 17 2016,5:00 pm,Phoenix Suns,,Oklahoma City Thunder,,,,
Sun Dec 18 2016,7:00 pm,Sacramento Kings,,Dallas Mavericks,,,,
Sun Dec 18 2016,6:00 pm,Utah Jazz,,Memphis Grizzlies,,,,
Sun Dec 18 2016,6:00 pm,Boston Celtics,,Miami Heat,,,,
Sun Dec 18 2016,6:00 pm,Toronto Raptors,,Orlando Magic,,,,
Sun Dec 18 2016,6:00 pm,Brooklyn Nets,,Philadelphia 76ers,,,,
Sun Dec 18 2016,7:00 pm,New Orleans Pelicans,,San Antonio Spurs,,,,
Sun Dec 18 2016,3:30 pm,Los Angeles Clippers,,Washington Wizards,,,,
Mon Dec 19 2016,8:00 pm,Detroit Pistons,,Chicago Bulls,,,,
Mon Dec 19 2016,9:00 pm,Dallas Mavericks,,Denver Nuggets,,,,
Mon Dec 19 2016,7:00 pm,Washington Wizards,,Indiana Pacers,,,,
Mon Dec 19 2016,8:00 pm,Phoenix Suns,,Minnesota Timberwolves,,,,
Mon Dec 19 2016,8:00 pm,Atlanta Hawks,,Oklahoma City Thunder,,,,
Tue Dec 20 2016,7:00 pm,Los Angeles Lakers,,Charlotte Hornets,,,,
Tue Dec 20 2016,10:30 pm,Utah Jazz,,Golden State Warriors,,,,
Tue Dec 20 2016,8:00 pm,San Antonio Spurs,,Houston Rockets,,,,
Tue Dec 20 2016,10:30 pm,Denver Nuggets,,Los Angeles Clippers,,,,
Tue Dec 20 2016,8:00 pm,Boston Celtics,,Memphis Grizzlies,,,,
Tue Dec 20 2016,7:30 pm,Orlando Magic,,Miami Heat,,,,
Tue Dec 20 2016,8:00 pm,Cleveland Cavaliers,,Milwaukee Bucks,,,,
Tue Dec 20 2016,7:30 pm,Indiana Pacers,,New York Knicks,,,,
Tue Dec 20 2016,7:00 pm,New Orleans Pelicans,,Philadelphia 76ers,,,,
Tue Dec 20 2016,10:30 pm,Portland Trail Blazers,,Sacramento Kings,,,,
Tue Dec 20 2016,7:30 pm,Brooklyn Nets,,Toronto Raptors,,,,
Wed Dec 21 2016,7:30 pm,Minnesota Timberwolves,,Atlanta Hawks,,,,
Wed Dec 21 2016,8:00 pm,Washington Wizards,,Chicago Bulls,,,,
Wed Dec 21 2016,7:00 pm,Milwaukee Bucks,,Cleveland Cavaliers,,,,
Wed Dec 21 2016,7:30 pm,Memphis Grizzlies,,Detroit Pistons,,,,
Wed Dec 21 2016,8:00 pm,Oklahoma City Thunder,,New Orleans Pelicans,,,,
Wed Dec 21 2016,9:00 pm,Houston Rockets,,Phoenix Suns,,,,
Wed Dec 21 2016,10:00 pm,Dallas Mavericks,,Portland Trail Blazers,,,,
Wed Dec 21 2016,9:00 pm,Sacramento Kings,,Utah Jazz,,,,
Thu Dec 22 2016,7:30 pm,Golden State Warriors,,Brooklyn Nets,,,,
Thu Dec 22 2016,8:00 pm,Boston Celtics,,Indiana Pacers,,,,
Thu Dec 22 2016,10:30 pm,San Antonio Spurs,,Los Angeles Clippers,,,,
Thu Dec 22 2016,7:30 pm,Los Angeles Lakers,,Miami Heat,,,,
Thu Dec 22 2016,7:30 pm,Orlando Magic,,New York Knicks,,,,
Fri Dec 23 2016,7:30 pm,Oklahoma City Thunder,,Boston Celtics,,,,
Fri Dec 23 2016,7:00 pm,Chicago Bulls,,Charlotte Hornets,,,,
Fri Dec 23 2016,7:30 pm,Brooklyn Nets,,Cleveland Cavaliers,,,,
Fri Dec 23 2016,9:00 pm,Atlanta Hawks,,Denver Nuggets,,,,
Fri Dec 23 2016,7:30 pm,Golden State Warriors,,Detroit Pistons,,,,
Fri Dec 23 2016,10:30 pm,Dallas Mavericks,,Los Angeles Clippers,,,,
Fri Dec 23 2016,8:00 pm,Houston Rockets,,Memphis Grizzlies,,,,
Fri Dec 23 2016,8:00 pm,Washington Wizards,,Milwaukee Bucks,,,,
Fri Dec 23 2016,8:00 pm,Sacramento Kings,,Minnesota Timberwolves,,,,
Fri Dec 23 2016,8:00 pm,Miami Heat,,New Orleans Pelicans,,,,
Fri Dec 23 2016,7:00 pm,Los Angeles Lakers,,Orlando Magic,,,,
Fri Dec 23 2016,9:00 pm,Philadelphia 76ers,,Phoenix Suns,,,,
Fri Dec 23 2016,10:00 pm,San Antonio Spurs,,Portland Trail Blazers,,,,
Fri Dec 23 2016,9:00 pm,Toronto Raptors,,Utah Jazz,,,,
Sun Dec 25 2016,2:30 pm,Golden State Warriors,,Cleveland Cavaliers,,,,
Sun Dec 25 2016,10:30 pm,Los Angeles Clippers,,Los Angeles Lakers,,,,
Sun Dec 25 2016,12:00 pm,Boston Celtics,,New York Knicks,,,,
Sun Dec 25 2016,8:00 pm,Minnesota Timberwolves,,Oklahoma City Thunder,,,,
Sun Dec 25 2016,5:00 pm,Chicago Bulls,,San Antonio Spurs,,,,
Mon Dec 26 2016,7:30 pm,Charlotte Hornets,,Brooklyn Nets,,,,
Mon Dec 26 2016,8:00 pm,Indiana Pacers,,Chicago Bulls,,,,
Mon Dec 26 2016,7:30 pm,Cleveland Cavaliers,,Detroit Pistons,,,,
Mon Dec 26 2016,8:00 pm,Phoenix Suns,,Houston Rockets,,,,
Mon Dec 26 2016,10:30 pm,Denver Nuggets,,Los Angeles Clippers,,,,
Mon Dec 26 2016,8:00 pm,Atlanta Hawks,,Minnesota Timberwolves,,,,
Mon Dec 26 2016,8:00 pm,Dallas Mavericks,,New Orleans Pelicans,,,,
Mon Dec 26 2016,7:00 pm,Memphis Grizzlies,,Orlando Magic,,,,
Mon Dec 26 2016,10:00 pm,Toronto Raptors,,Portland Trail Blazers,,,,
Mon Dec 26 2016,10:30 pm,Philadelphia 76ers,,Sacramento Kings,,,,
Mon Dec 26 2016,7:00 pm,Milwaukee Bucks,,Washington Wizards,,,,
Tue Dec 27 2016,7:30 pm,Memphis Grizzlies,,Boston Celtics,,,,
Tue Dec 27 2016,8:30 pm,Houston Rockets,,Dallas Mavericks,,,,
Tue Dec 27 2016,10:30 pm,Utah Jazz,,Los Angeles Lakers,,,,
Tue Dec 27 2016,7:30 pm,Oklahoma City Thunder,,Miami Heat,,,,
Wed Dec 28 2016,7:30 pm,New York Knicks,,Atlanta Hawks,,,,
Wed Dec 28 2016,8:00 pm,Brooklyn Nets,,Chicago Bulls,,,,
Wed Dec 28 2016,9:00 pm,Minnesota Timberwolves,,Denver Nuggets,,,,
Wed Dec 28 2016,7:30 pm,Milwaukee Bucks,,Detroit Pistons,,,,
Wed Dec 28 2016,10:30 pm,Toronto Raptors,,Golden State Warriors,,,,
Wed Dec 28 2016,8:00 pm,Los Angeles Clippers,,New Orleans Pelicans,,,,
Wed Dec 28 2016,7:00 pm,Charlotte Hornets,,Orlando Magic,,,,
Wed Dec 28 2016,10:00 pm,Sacramento Kings,,Portland Trail Blazers,,,,
Wed Dec 28 2016,8:30 pm,Phoenix Suns,,San Antonio Spurs,,,,
Wed Dec 28 2016,7:00 pm,Indiana Pacers,,Washington Wizards,,,,
Thu Dec 29 2016,7:00 pm,Miami Heat,,Charlotte Hornets,,,,
Thu Dec 29 2016,8:00 pm,Boston Celtics,,Cleveland Cavaliers,,,,
Thu Dec 29 2016,10:30 pm,Dallas Mavericks,,Los Angeles Lakers,,,,
Thu Dec 29 2016,8:00 pm,Oklahoma City Thunder,,Memphis Grizzlies,,,,
Thu Dec 29 2016,9:00 pm,Toronto Raptors,,Phoenix Suns,,,,
Thu Dec 29 2016,9:00 pm,Philadelphia 76ers,,Utah Jazz,,,,
Fri Dec 30 2016,8:00 pm,Detroit Pistons,,Atlanta Hawks,,,,
Fri Dec 30 2016,7:30 pm,Miami Heat,,Boston Celtics,,,,
Fri Dec 30 2016,9:00 pm,Philadelphia 76ers,,Denver Nuggets,,,,
Fri Dec 30 2016,10:30 pm,Dallas Mavericks,,Golden State Warriors,,,,
Fri Dec 30 2016,8:00 pm,Los Angeles Clippers,,Houston Rockets,,,,
Fri Dec 30 2016,4:00 pm,Chicago Bulls,,Indiana Pacers,,,,
Fri Dec 30 2016,8:00 pm,Milwaukee Bucks,,Minnesota Timberwolves,,,,
Fri Dec 30 2016,8:00 pm,New York Knicks,,New Orleans Pelicans,,,,
Fri Dec 30 2016,8:30 pm,Portland Trail Blazers,,San Antonio Spurs,,,,
Fri Dec 30 2016,7:00 pm,Brooklyn Nets,,Washington Wizards,,,,
Sat Dec 31 2016,7:00 pm,Milwaukee Bucks,,Chicago Bulls,,,,
Sat Dec 31 2016,7:00 pm,Cleveland Cavaliers,,Charlotte Hornets,,,,
Sat Dec 31 2016,8:00 pm,New York Knicks,,Houston Rockets,,,,
Sat Dec 31 2016,8:00 pm,Los Angeles Clippers,,Oklahoma City Thunder,,,,
Sat Dec 31 2016,5:00 pm,Memphis Grizzlies,,Sacramento Kings,,,,
Sat Dec 31 2016,8:00 pm,Phoenix Suns,,Utah Jazz,,,,
Sun Jan 1 2017,6:00 pm,San Antonio Spurs,,Atlanta Hawks,,,,
Sun Jan 1 2017,6:00 pm,Orlando Magic,,Indiana Pacers,,,,
Sun Jan 1 2017,9:30 pm,Toronto Raptors,,Los Angeles Lakers,,,,
Sun Jan 1 2017,6:00 pm,Detroit Pistons,,Miami Heat,,,,
Sun Jan 1 2017,7:00 pm,Portland Trail Blazers,,Minnesota Timberwolves,,,,
Mon Jan 2 2017,7:30 pm,Utah Jazz,,Brooklyn Nets,,,,
Mon Jan 2 2017,8:00 pm,Charlotte Hornets,,Chicago Bulls,,,,
Mon Jan 2 2017,7:00 pm,New Orleans Pelicans,,Cleveland Cavaliers,,,,
Mon Jan 2 2017,10:30 pm,Denver Nuggets,,Golden State Warriors,,,,
Mon Jan 2 2017,8:00 pm,Washington Wizards,,Houston Rockets,,,,
Mon Jan 2 2017,10:30 pm,Phoenix Suns,,Los Angeles Clippers,,,,
Mon Jan 2 2017,7:00 pm,Oklahoma City Thunder,,Milwaukee Bucks,,,,
Mon Jan 2 2017,7:30 pm,Orlando Magic,,New York Knicks,,,,
Tue Jan 3 2017,7:30 pm,Utah Jazz,,Boston Celtics,,,,
Tue Jan 3 2017,8:30 pm,Washington Wizards,,Dallas Mavericks,,,,
Tue Jan 3 2017,9:00 pm,Sacramento Kings,,Denver Nuggets,,,,
Tue Jan 3 2017,7:30 pm,Indiana Pacers,,Detroit Pistons,,,,
Tue Jan 3 2017,10:30 pm,Memphis Grizzlies,,Los Angeles Lakers,,,,
Tue Jan 3 2017,7:00 pm,Minnesota Timberwolves,,Philadelphia 76ers,,,,
Tue Jan 3 2017,9:00 pm,Miami Heat,,Phoenix Suns,,,,
Tue Jan 3 2017,8:30 pm,Toronto Raptors,,San Antonio Spurs,,,,
Wed Jan 4 2017,7:00 pm,Oklahoma City Thunder,,Charlotte Hornets,,,,
Wed Jan 4 2017,8:00 pm,Chicago Bulls,,Cleveland Cavaliers,,,,
Wed Jan 4 2017,10:30 pm,Portland Trail Blazers,,Golden State Warriors,,,,
Wed Jan 4 2017,10:30 pm,Memphis Grizzlies,,Los Angeles Clippers,,,,
Wed Jan 4 2017,7:30 pm,Milwaukee Bucks,,New York Knicks,,,,
Wed Jan 4 2017,7:00 pm,Atlanta Hawks,,Orlando Magic,,,,
Wed Jan 4 2017,10:30 pm,Miami Heat,,Sacramento Kings,,,,
Thu Jan 5 2017,8:30 pm,Phoenix Suns,,Dallas Mavericks,,,,
Thu Jan 5 2017,10:30 pm,San Antonio Spurs,,Denver Nuggets,,,,
Thu Jan 5 2017,7:30 pm,Charlotte Hornets,,Detroit Pistons,,,,
Thu Jan 5 2017,8:00 pm,Oklahoma City Thunder,,Houston Rockets,,,,
Thu Jan 5 2017,7:00 pm,Brooklyn Nets,,Indiana Pacers,,,,
Thu Jan 5 2017,8:00 pm,Atlanta Hawks,,New Orleans Pelicans,,,,
Thu Jan 5 2017,10:00 pm,Los Angeles Lakers,,Portland Trail Blazers,,,,
Thu Jan 5 2017,7:30 pm,Utah Jazz,,Toronto Raptors,,,,
Fri Jan 6 2017,7:30 pm,Philadelphia 76ers,,Boston Celtics,,,,
Fri Jan 6 2017,7:30 pm,Cleveland Cavaliers,,Brooklyn Nets,,,,
Fri Jan 6 2017,10:30 pm,Memphis Grizzlies,,Golden State Warriors,,,,
Fri Jan 6 2017,10:30 pm,Miami Heat,,Los Angeles Lakers,,,,
Fri Jan 6 2017,8:00 pm,New York Knicks,,Milwaukee Bucks,,,,
Fri Jan 6 2017,7:00 pm,Houston Rockets,,Orlando Magic,,,,
Fri Jan 6 2017,10:30 pm,Los Angeles Clippers,,Sacramento Kings,,,,
Fri Jan 6 2017,7:00 pm,Minnesota Timberwolves,,Washington Wizards,,,,
Sat Jan 7 2017,7:30 pm,New Orleans Pelicans,,Boston Celtics,,,,
Sat Jan 7 2017,8:00 pm,Toronto Raptors,,Chicago Bulls,,,,
Sat Jan 7 2017,8:30 pm,Atlanta Hawks,,Dallas Mavericks,,,,
Sat Jan 7 2017,7:00 pm,New York Knicks,,Indiana Pacers,,,,
Sat Jan 7 2017,8:00 pm,Utah Jazz,,Minnesota Timberwolves,,,,
Sat Jan 7 2017,8:00 pm,Denver Nuggets,,Oklahoma City Thunder,,,,
Sat Jan 7 2017,10:00 pm,Detroit Pistons,,Portland Trail Blazers,,,,
Sat Jan 7 2017,8:30 pm,Charlotte Hornets,,San Antonio Spurs,,,,
Sun Jan 8 2017,12:00 pm,Philadelphia 76ers,,Brooklyn Nets,,,,
Sun Jan 8 2017,3:30 pm,Miami Heat,,Los Angeles Clippers,,,,
Sun Jan 8 2017,9:30 pm,Orlando Magic,,Los Angeles Lakers,,,,
Sun Jan 8 2017,8:00 pm,Utah Jazz,,Memphis Grizzlies,,,,
Sun Jan 8 2017,3:30 pm,Washington Wizards,,Milwaukee Bucks,,,,
Sun Jan 8 2017,8:30 pm,Cleveland Cavaliers,,Phoenix Suns,,,,
Sun Jan 8 2017,9:00 pm,Golden State Warriors,,Sacramento Kings,,,,
Sun Jan 8 2017,6:00 pm,Houston Rockets,,Toronto Raptors,,,,
Mon Jan 9 2017,8:00 pm,Oklahoma City Thunder,,Chicago Bulls,,,,
Mon Jan 9 2017,8:00 pm,Dallas Mavericks,,Minnesota Timberwolves,,,,
Mon Jan 9 2017,7:30 pm,New Orleans Pelicans,,New York Knicks,,,,
Tue Jan 10 2017,7:30 pm,Atlanta Hawks,,Brooklyn Nets,,,,
Tue Jan 10 2017,10:30 pm,Miami Heat,,Golden State Warriors,,,,
Tue Jan 10 2017,8:00 pm,Charlotte Hornets,,Houston Rockets,,,,
Tue Jan 10 2017,10:30 pm,Portland Trail Blazers,,Los Angeles Lakers,,,,
Tue Jan 10 2017,10:30 pm,Detroit Pistons,,Sacramento Kings,,,,
Tue Jan 10 2017,8:30 pm,Milwaukee Bucks,,San Antonio Spurs,,,,
Tue Jan 10 2017,7:30 pm,Boston Celtics,,Toronto Raptors,,,,
Tue Jan 10 2017,9:00 pm,Cleveland Cavaliers,,Utah Jazz,,,,
Tue Jan 10 2017,7:00 pm,Chicago Bulls,,Washington Wizards,,,,
Wed Jan 11 2017,8:00 pm,Washington Wizards,,Boston Celtics,,,,
Wed Jan 11 2017,10:30 pm,Orlando Magic,,Los Angeles Clippers,,,,
Wed Jan 11 2017,8:00 pm,Houston Rockets,,Minnesota Timberwolves,,,,
Wed Jan 11 2017,8:00 pm,Memphis Grizzlies,,Oklahoma City Thunder,,,,
Wed Jan 11 2017,7:00 pm,New York Knicks,,Philadelphia 76ers,,,,
Wed Jan 11 2017,10:30 pm,Cleveland Cavaliers,,Portland Trail Blazers,,,,
Thu Jan 12 2017,7:30 pm,New Orleans Pelicans,,Brooklyn Nets,,,,
Thu Jan 12 2017,3:00 pm,Indiana Pacers,,Denver Nuggets,,,,
Thu Jan 12 2017,10:30 pm,Detroit Pistons,,Golden State Warriors,,,,
Thu Jan 12 2017,8:00 pm,Chicago Bulls,,New York Knicks,,,,
Thu Jan 12 2017,10:00 pm,Dallas Mavericks,,Phoenix Suns,,,,
Thu Jan 12 2017,8:30 pm,Los Angeles Lakers,,San Antonio Spurs,,,,
Fri Jan 13 2017,8:00 pm,Boston Celtics,,Atlanta Hawks,,,,
Fri Jan 13 2017,8:00 pm,Memphis Grizzlies,,Houston Rockets,,,,
Fri Jan 13 2017,8:00 pm,Miami Heat,,Milwaukee Bucks,,,,
Fri Jan 13 2017,8:00 pm,Oklahoma City Thunder,,Minnesota Timberwolves,,,,
Fri Jan 13 2017,7:00 pm,Charlotte Hornets,,Philadelphia 76ers,,,,
Fri Jan 13 2017,10:00 pm,Orlando Magic,,Portland Trail Blazers,,,,
Fri Jan 13 2017,10:30 pm,Cleveland Cavaliers,,Sacramento Kings,,,,
Fri Jan 13 2017,7:30 pm,Brooklyn Nets,,Toronto Raptors,,,,
Fri Jan 13 2017,10:30 pm,Detroit Pistons,,Utah Jazz,,,,
Sat Jan 14 2017,5:00 pm,New Orleans Pelicans,,Chicago Bulls,,,,
Sat Jan 14 2017,3:30 pm,Los Angeles Lakers,,Los Angeles Clippers,,,,
Sat Jan 14 2017,6:00 pm,San Antonio Spurs,,Phoenix Suns,,,,
Sat Jan 14 2017,9:00 pm,Orlando Magic,,Utah Jazz,,,,
Sat Jan 14 2017,8:00 pm,Philadelphia 76ers,,Washington Wizards,,,,
Sun Jan 15 2017,3:00 pm,Milwaukee Bucks,,Atlanta Hawks,,,,
Sun Jan 15 2017,6:00 pm,Houston Rockets,,Brooklyn Nets,,,,
Sun Jan 15 2017,4:00 pm,Minnesota Timberwolves,,Dallas Mavericks,,,,
Sun Jan 15 2017,9:30 pm,Detroit Pistons,,Los Angeles Lakers,,,,
Sun Jan 15 2017,9:00 pm,Chicago Bulls,,Memphis Grizzlies,,,,
Sun Jan 15 2017,9:00 pm,Oklahoma City Thunder,,Sacramento Kings,,,,
Sun Jan 15 2017,3:00 pm,New York Knicks,,Toronto Raptors,,,,
Mon Jan 16 2017,7:30 pm,Charlotte Hornets,,Boston Celtics,,,,
Mon Jan 16 2017,5:00 pm,Orlando Magic,,Denver Nuggets,,,,
Mon Jan 16 2017,8:00 pm,Cleveland Cavaliers,,Golden State Warriors,,,,
Mon Jan 16 2017,4:00 pm,New Orleans Pelicans,,Indiana Pacers,,,,
Mon Jan 16 2017,10:30 pm,Oklahoma City Thunder,,Los Angeles Clippers,,,,
Mon Jan 16 2017,3:30 pm,Philadelphia 76ers,,Milwaukee Bucks,,,,
Mon Jan 16 2017,1:00 pm,Atlanta Hawks,,New York Knicks,,,,
Mon Jan 16 2017,9:00 pm,Utah Jazz,,Phoenix Suns,,,,
Mon Jan 16 2017,2:00 pm,Portland Trail Blazers,,Washington Wizards,,,,
Tue Jan 17 2017,7:30 pm,Toronto Raptors,,Brooklyn Nets,,,,
Tue Jan 17 2017,8:00 pm,Dallas Mavericks,,Chicago Bulls,,,,
Tue Jan 17 2017,10:30 pm,Denver Nuggets,,Los Angeles Lakers,,,,
Tue Jan 17 2017,7:30 pm,Houston Rockets,,Miami Heat,,,,
Tue Jan 17 2017,8:30 pm,Minnesota Timberwolves,,San Antonio Spurs,,,,
Wed Jan 18 2017,7:30 pm,New York Knicks,,Boston Celtics,,,,
Wed Jan 18 2017,7:00 pm,Portland Trail Blazers,,Charlotte Hornets,,,,
Wed Jan 18 2017,8:00 pm,Atlanta Hawks,,Detroit Pistons,,,,
Wed Jan 18 2017,10:30 pm,Oklahoma City Thunder,,Golden State Warriors,,,,
Wed Jan 18 2017,8:00 pm,Milwaukee Bucks,,Houston Rockets,,,,
Wed Jan 18 2017,8:00 pm,Orlando Magic,,New Orleans Pelicans,,,,
Wed Jan 18 2017,7:00 pm,Toronto Raptors,,Philadelphia 76ers,,,,
Wed Jan 18 2017,10:30 pm,Indiana Pacers,,Sacramento Kings,,,,
Wed Jan 18 2017,7:00 pm,Memphis Grizzlies,,Washington Wizards,,,,
Thu Jan 19 2017,7:00 pm,Phoenix Suns,,Cleveland Cavaliers,,,,
Thu Jan 19 2017,10:30 pm,Minnesota Timberwolves,,Los Angeles Clippers,,,,
Thu Jan 19 2017,7:30 pm,Dallas Mavericks,,Miami Heat,,,,
Thu Jan 19 2017,8:00 pm,Washington Wizards,,New York Knicks,,,,
Thu Jan 19 2017,8:30 pm,Denver Nuggets,,San Antonio Spurs,,,,
Fri Jan 20 2017,8:00 pm,Chicago Bulls,,Atlanta Hawks,,,,
Fri Jan 20 2017,7:00 pm,Toronto Raptors,,Charlotte Hornets,,,,
Fri Jan 20 2017,8:30 pm,Utah Jazz,,Dallas Mavericks,,,,
Fri Jan 20 2017,8:00 pm,Golden State Warriors,,Houston Rockets,,,,
Fri Jan 20 2017,10:30 pm,Indiana Pacers,,Los Angeles Lakers,,,,
Fri Jan 20 2017,8:00 pm,Sacramento Kings,,Memphis Grizzlies,,,,
Fri Jan 20 2017,8:00 pm,Brooklyn Nets,,New Orleans Pelicans,,,,
Fri Jan 20 2017,7:00 pm,Milwaukee Bucks,,Orlando Magic,,,,
Fri Jan 20 2017,7:00 pm,Portland Trail Blazers,,Philadelphia 76ers,,,,
Sat Jan 21 2017,7:00 pm,Philadelphia 76ers,,Atlanta Hawks,,,,
Sat Jan 21 2017,5:00 pm,Portland Trail Blazers,,Boston Celtics,,,,
Sat Jan 21 2017,9:00 pm,Sacramento Kings,,Chicago Bulls,,,,
Sat Jan 21 2017,7:00 pm,Brooklyn Nets,,Charlotte Hornets,,,,
Sat Jan 21 2017,8:30 pm,San Antonio Spurs,,Cleveland Cavaliers,,,,
Sat Jan 21 2017,9:00 pm,Los Angeles Clippers,,Denver Nuggets,,,,
Sat Jan 21 2017,6:00 pm,Washington Wizards,,Detroit Pistons,,,,
Sat Jan 21 2017,8:00 pm,Houston Rockets,,Memphis Grizzlies,,,,
Sat Jan 21 2017,7:30 pm,Milwaukee Bucks,,Miami Heat,,,,
Sat Jan 21 2017,7:30 pm,Phoenix Suns,,New York Knicks,,,,
Sat Jan 21 2017,9:00 pm,Indiana Pacers,,Utah Jazz,,,,
Sun Jan 22 2017,3:30 pm,Los Angeles Lakers,,Dallas Mavericks,,,,
Sun Jan 22 2017,7:00 pm,Denver Nuggets,,Minnesota Timberwolves,,,,
Sun Jan 22 2017,12:00 pm,Golden State Warriors,,Orlando Magic,,,,
Sun Jan 22 2017,6:00 pm,Phoenix Suns,,Toronto Raptors,,,,
Mon Jan 23 2017,7:30 pm,Los Angeles Clippers,,Atlanta Hawks,,,,
Mon Jan 23 2017,7:30 pm,San Antonio Spurs,,Brooklyn Nets,,,,
Mon Jan 23 2017,7:00 pm,Washington Wizards,,Charlotte Hornets,,,,
Mon Jan 23 2017,7:30 pm,Sacramento Kings,,Detroit Pistons,,,,
Mon Jan 23 2017,8:00 pm,New York Knicks,,Indiana Pacers,,,,
Mon Jan 23 2017,7:30 pm,Golden State Warriors,,Miami Heat,,,,
Mon Jan 23 2017,8:00 pm,Houston Rockets,,Milwaukee Bucks,,,,
Mon Jan 23 2017,8:00 pm,Cleveland Cavaliers,,New Orleans Pelicans,,,,
Mon Jan 23 2017,9:00 pm,Oklahoma City Thunder,,Utah Jazz,,,,
Tue Jan 24 2017,9:00 pm,Utah Jazz,,Denver Nuggets,,,,
Tue Jan 24 2017,7:00 pm,Chicago Bulls,,Orlando Magic,,,,
Tue Jan 24 2017,7:00 pm,Los Angeles Clippers,,Philadelphia 76ers,,,,
Tue Jan 24 2017,9:00 pm,Minnesota Timberwolves,,Phoenix Suns,,,,
Tue Jan 24 2017,7:00 pm,San Antonio Spurs,,Toronto Raptors,,,,
Tue Jan 24 2017,7:00 pm,Boston Celtics,,Washington Wizards,,,,
Wed Jan 25 2017,7:30 pm,Houston Rockets,,Boston Celtics,,,,
Wed Jan 25 2017,7:30 pm,Miami Heat,,Brooklyn Nets,,,,
Wed Jan 25 2017,8:00 pm,Atlanta Hawks,,Chicago Bulls,,,,
Wed Jan 25 2017,8:00 pm,Golden State Warriors,,Charlotte Hornets,,,,
Wed Jan 25 2017,7:00 pm,Sacramento Kings,,Cleveland Cavaliers,,,,
Wed Jan 25 2017,8:30 pm,New York Knicks,,Dallas Mavericks,,,,
Wed Jan 25 2017,8:00 pm,Toronto Raptors,,Memphis Grizzlies,,,,
Wed Jan 25 2017,8:00 pm,Philadelphia 76ers,,Milwaukee Bucks,,,,
Wed Jan 25 2017,8:00 pm,Oklahoma City Thunder,,New Orleans Pelicans,,,,
Wed Jan 25 2017,10:30 pm,Los Angeles Lakers,,Portland Trail Blazers,,,,
Thu Jan 26 2017,9:00 pm,Phoenix Suns,,Denver Nuggets,,,,
Thu Jan 26 2017,8:00 pm,Indiana Pacers,,Minnesota Timberwolves,,,,
Thu Jan 26 2017,8:00 pm,Dallas Mavericks,,Oklahoma City Thunder,,,,
Thu Jan 26 2017,10:30 pm,Los Angeles Lakers,,Utah Jazz,,,,
Fri Jan 27 2017,8:00 pm,Washington Wizards,,Atlanta Hawks,,,,
Fri Jan 27 2017,7:30 pm,Orlando Magic,,Boston Celtics,,,,
Fri Jan 27 2017,8:00 pm,Miami Heat,,Chicago Bulls,,,,
Fri Jan 27 2017,7:30 pm,Brooklyn Nets,,Cleveland Cavaliers,,,,
Fri Jan 27 2017,7:00 pm,Sacramento Kings,,Indiana Pacers,,,,
Fri Jan 27 2017,8:00 pm,San Antonio Spurs,,New Orleans Pelicans,,,,
Fri Jan 27 2017,7:30 pm,Charlotte Hornets,,New York Knicks,,,,
Fri Jan 27 2017,7:00 pm,Houston Rockets,,Philadelphia 76ers,,,,
Fri Jan 27 2017,10:00 pm,Memphis Grizzlies,,Portland Trail Blazers,,,,
Fri Jan 27 2017,7:30 pm,Milwaukee Bucks,,Toronto Raptors,,,,
Sat Jan 28 2017,7:00 pm,Sacramento Kings,,Charlotte Hornets,,,,
Sat Jan 28 2017,8:30 pm,Los Angeles Clippers,,Golden State Warriors,,,,
Sat Jan 28 2017,7:30 pm,Detroit Pistons,,Miami Heat,,,,
Sat Jan 28 2017,8:00 pm,Boston Celtics,,Milwaukee Bucks,,,,
Sat Jan 28 2017,9:00 pm,Brooklyn Nets,,Minnesota Timberwolves,,,,
Sat Jan 28 2017,9:00 pm,Denver Nuggets,,Phoenix Suns,,,,
Sat Jan 28 2017,9:00 pm,Memphis Grizzlies,,Utah Jazz,,,,
Sun Jan 29 2017,3:00 pm,New York Knicks,,Atlanta Hawks,,,,
Sun Jan 29 2017,7:00 pm,Philadelphia 76ers,,Chicago Bulls,,,,
Sun Jan 29 2017,3:30 pm,Oklahoma City Thunder,,Cleveland Cavaliers,,,,
Sun Jan 29 2017,6:00 pm,Houston Rockets,,Indiana Pacers,,,,
Sun Jan 29 2017,6:00 pm,Washington Wizards,,New Orleans Pelicans,,,,
Sun Jan 29 2017,9:00 pm,Golden State Warriors,,Portland Trail Blazers,,,,
Sun Jan 29 2017,7:00 pm,Dallas Mavericks,,San Antonio Spurs,,,,
Sun Jan 29 2017,6:00 pm,Orlando Magic,,Toronto Raptors,,,,
Mon Jan 30 2017,8:00 pm,Detroit Pistons,,Boston Celtics,,,,
Mon Jan 30 2017,8:30 pm,Cleveland Cavaliers,,Dallas Mavericks,,,,
Mon Jan 30 2017,7:30 pm,Brooklyn Nets,,Miami Heat,,,,
Mon Jan 30 2017,8:00 pm,Orlando Magic,,Minnesota Timberwolves,,,,
Mon Jan 30 2017,10:30 pm,Memphis Grizzlies,,Phoenix Suns,,,,
Tue Jan 31 2017,8:00 pm,Sacramento Kings,,Houston Rockets,,,,
Tue Jan 31 2017,10:30 pm,Denver Nuggets,,Los Angeles Lakers,,,,
Tue Jan 31 2017,10:00 pm,Charlotte Hornets,,Portland Trail Blazers,,,,
Tue Jan 31 2017,8:30 pm,Oklahoma City Thunder,,San Antonio Spurs,,,,
Tue Jan 31 2017,7:30 pm,New Orleans Pelicans,,Toronto Raptors,,,,
Tue Jan 31 2017,7:00 pm,New York Knicks,,Washington Wizards,,,,
Wed Feb 1 2017,7:30 pm,Toronto Raptors,,Boston Celtics,,,,
Wed Feb 1 2017,7:30 pm,New York Knicks,,Brooklyn Nets,,,,
Wed Feb 1 2017,7:00 pm,Minnesota Timberwolves,,Cleveland Cavaliers,,,,
Wed Feb 1 2017,8:30 pm,Philadelphia 76ers,,Dallas Mavericks,,,,
Wed Feb 1 2017,9:00 pm,Memphis Grizzlies,,Denver Nuggets,,,,
Wed Feb 1 2017,7:30 pm,New Orleans Pelicans,,Detroit Pistons,,,,
Wed Feb 1 2017,10:30 pm,Charlotte Hornets,,Golden State Warriors,,,,
Wed Feb 1 2017,7:30 pm,Atlanta Hawks,,Miami Heat,,,,
Wed Feb 1 2017,9:30 pm,Chicago Bulls,,Oklahoma City Thunder,,,,
Wed Feb 1 2017,7:00 pm,Indiana Pacers,,Orlando Magic,,,,
Wed Feb 1 2017,9:00 pm,Los Angeles Clippers,,Phoenix Suns,,,,
Wed Feb 1 2017,9:00 pm,Milwaukee Bucks,,Utah Jazz,,,,
Thu Feb 2 2017,8:00 pm,Atlanta Hawks,,Houston Rockets,,,,
Thu Feb 2 2017,10:30 pm,Golden State Warriors,,Los Angeles Clippers,,,,
Thu Feb 2 2017,8:30 pm,Philadelphia 76ers,,San Antonio Spurs,,,,
Thu Feb 2 2017,7:00 pm,Los Angeles Lakers,,Washington Wizards,,,,
Fri Feb 3 2017,8:00 pm,Los Angeles Lakers,,Boston Celtics,,,,
Fri Feb 3 2017,7:30 pm,Indiana Pacers,,Brooklyn Nets,,,,
Fri Feb 3 2017,9:00 pm,Milwaukee Bucks,,Denver Nuggets,,,,
Fri Feb 3 2017,7:30 pm,Minnesota Timberwolves,,Detroit Pistons,,,,
Fri Feb 3 2017,8:00 pm,Chicago Bulls,,Houston Rockets,,,,
Fri Feb 3 2017,8:00 pm,Memphis Grizzlies,,Oklahoma City Thunder,,,,
Fri Feb 3 2017,7:00 pm,Toronto Raptors,,Orlando Magic,,,,
Fri Feb 3 2017,10:30 pm,Dallas Mavericks,,Portland Trail Blazers,,,,
Fri Feb 3 2017,10:30 pm,Phoenix Suns,,Sacramento Kings,,,,
Sat Feb 4 2017,7:00 pm,Orlando Magic,,Atlanta Hawks,,,,
Sat Feb 4 2017,7:00 pm,Detroit Pistons,,Indiana Pacers,,,,
Sat Feb 4 2017,7:30 pm,Philadelphia 76ers,,Miami Heat,,,,
Sat Feb 4 2017,9:00 pm,Memphis Grizzlies,,Minnesota Timberwolves,,,,
Sat Feb 4 2017,8:30 pm,Cleveland Cavaliers,,New York Knicks,,,,
Sat Feb 4 2017,9:00 pm,Milwaukee Bucks,,Phoenix Suns,,,,
Sat Feb 4 2017,10:30 pm,Golden State Warriors,,Sacramento Kings,,,,
Sat Feb 4 2017,9:00 pm,Denver Nuggets,,San Antonio Spurs,,,,
Sat Feb 4 2017,9:00 pm,Charlotte Hornets,,Utah Jazz,,,,
Sat Feb 4 2017,7:00 pm,New Orleans Pelicans,,Washington Wizards,,,,
Sun Feb 5 2017,2:00 pm,Los Angeles Clippers,,Boston Celtics,,,,
Sun Feb 5 2017,12:00 pm,Toronto Raptors,,Brooklyn Nets,,,,
Sun Feb 5 2017,3:00 pm,Portland Trail Blazers,,Oklahoma City Thunder,,,,
Mon Feb 6 2017,7:30 pm,Utah Jazz,,Atlanta Hawks,,,,
Mon Feb 6 2017,9:00 pm,Dallas Mavericks,,Denver Nuggets,,,,
Mon Feb 6 2017,7:30 pm,Philadelphia 76ers,,Detroit Pistons,,,,
Mon Feb 6 2017,7:00 pm,Oklahoma City Thunder,,Indiana Pacers,,,,
Mon Feb 6 2017,9:30 pm,San Antonio Spurs,,Memphis Grizzlies,,,,
Mon Feb 6 2017,8:00 pm,Miami Heat,,Minnesota Timberwolves,,,,
Mon Feb 6 2017,8:00 pm,Phoenix Suns,,New Orleans Pelicans,,,,
Mon Feb 6 2017,7:00 pm,Los Angeles Lakers,,New York Knicks,,,,
Mon Feb 6 2017,10:30 pm,Chicago Bulls,,Sacramento Kings,,,,
Mon Feb 6 2017,7:30 pm,Los Angeles Clippers,,Toronto Raptors,,,,
Mon Feb 6 2017,7:00 pm,Cleveland Cavaliers,,Washington Wizards,,,,
Tue Feb 7 2017,7:00 pm,Brooklyn Nets,,Charlotte Hornets,,,,
Tue Feb 7 2017,8:30 pm,Portland Trail Blazers,,Dallas Mavericks,,,,
Tue Feb 7 2017,8:00 pm,Orlando Magic,,Houston Rockets,,,,
Wed Feb 8 2017,7:30 pm,Denver Nuggets,,Atlanta Hawks,,,,
Wed Feb 8 2017,7:30 pm,Washington Wizards,,Brooklyn Nets,,,,
Wed Feb 8 2017,7:30 pm,Los Angeles Lakers,,Detroit Pistons,,,,
Wed Feb 8 2017,10:30 pm,Chicago Bulls,,Golden State Warriors,,,,
Wed Feb 8 2017,7:00 pm,Cleveland Cavaliers,,Indiana Pacers,,,,
Wed Feb 8 2017,8:00 pm,Phoenix Suns,,Memphis Grizzlies,,,,
Wed Feb 8 2017,8:00 pm,Miami Heat,,Milwaukee Bucks,,,,
Wed Feb 8 2017,8:00 pm,Toronto Raptors,,Minnesota Timberwolves,,,,
Wed Feb 8 2017,8:00 pm,Utah Jazz,,New Orleans Pelicans,,,,
Wed Feb 8 2017,8:00 pm,Los Angeles Clippers,,New York Knicks,,,,
Wed Feb 8 2017,7:00 pm,San Antonio Spurs,,Philadelphia 76ers,,,,
Wed Feb 8 2017,10:30 pm,Boston Celtics,,Sacramento Kings,,,,
Thu Feb 9 2017,7:00 pm,Houston Rockets,,Charlotte Hornets,,,,
Thu Feb 9 2017,8:30 pm,Utah Jazz,,Dallas Mavericks,,,,
Thu Feb 9 2017,8:00 pm,Cleveland Cavaliers,,Oklahoma City Thunder,,,,
Thu Feb 9 2017,7:00 pm,Philadelphia 76ers,,Orlando Magic,,,,
Thu Feb 9 2017,10:30 pm,Boston Celtics,,Portland Trail Blazers,,,,
Fri Feb 10 2017,7:30 pm,Miami Heat,,Brooklyn Nets,,,,
Fri Feb 10 2017,7:30 pm,San Antonio Spurs,,Detroit Pistons,,,,
Fri Feb 10 2017,8:00 pm,Golden State Warriors,,Memphis Grizzlies,,,,
Fri Feb 10 2017,8:00 pm,Los Angeles Lakers,,Milwaukee Bucks,,,,
Fri Feb 10 2017,8:00 pm,New Orleans Pelicans,,Minnesota Timberwolves,,,,
Fri Feb 10 2017,7:30 pm,Denver Nuggets,,New York Knicks,,,,
Fri Feb 10 2017,10:30 pm,Chicago Bulls,,Phoenix Suns,,,,
Fri Feb 10 2017,10:30 pm,Atlanta Hawks,,Sacramento Kings,,,,
Fri Feb 10 2017,8:00 pm,Indiana Pacers,,Washington Wizards,,,,
Sat Feb 11 2017,5:00 pm,Los Angeles Clippers,,Charlotte Hornets,,,,
Sat Feb 11 2017,7:30 pm,Denver Nuggets,,Cleveland Cavaliers,,,,
Sat Feb 11 2017,9:00 pm,Orlando Magic,,Dallas Mavericks,,,,
Sat Feb 11 2017,8:00 pm,Phoenix Suns,,Houston Rockets,,,,
Sat Feb 11 2017,7:00 pm,Milwaukee Bucks,,Indiana Pacers,,,,
Sat Feb 11 2017,8:30 pm,Golden State Warriors,,Oklahoma City Thunder,,,,
Sat Feb 11 2017,7:30 pm,Miami Heat,,Philadelphia 76ers,,,,
Sat Feb 11 2017,10:00 pm,Boston Celtics,,Utah Jazz,,,,
Sun Feb 12 2017,3:30 pm,Chicago Bulls,,Minnesota Timberwolves,,,,
Sun Feb 12 2017,3:30 pm,San Antonio Spurs,,New York Knicks,,,,
Sun Feb 12 2017,9:00 pm,New Orleans Pelicans,,Sacramento Kings,,,,
Sun Feb 12 2017,6:00 pm,Detroit Pistons,,Toronto Raptors,,,,
Mon Feb 13 2017,7:30 pm,Memphis Grizzlies,,Brooklyn Nets,,,,
Mon Feb 13 2017,7:00 pm,Philadelphia 76ers,,Charlotte Hornets,,,,
Mon Feb 13 2017,8:30 pm,Boston Celtics,,Dallas Mavericks,,,,
Mon Feb 13 2017,9:00 pm,Golden State Warriors,,Denver Nuggets,,,,
Mon Feb 13 2017,8:00 pm,San Antonio Spurs,,Indiana Pacers,,,,
Mon Feb 13 2017,7:30 pm,Orlando Magic,,Miami Heat,,,,
Mon Feb 13 2017,8:00 pm,Detroit Pistons,,Milwaukee Bucks,,,,
Mon Feb 13 2017,9:00 pm,New Orleans Pelicans,,Phoenix Suns,,,,
Mon Feb 13 2017,10:30 pm,Atlanta Hawks,,Portland Trail Blazers,,,,
Mon Feb 13 2017,9:00 pm,Los Angeles Clippers,,Utah Jazz,,,,
Mon Feb 13 2017,7:00 pm,Oklahoma City Thunder,,Washington Wizards,,,,
Tue Feb 14 2017,8:00 pm,Toronto Raptors,,Chicago Bulls,,,,
Tue Feb 14 2017,10:30 pm,Sacramento Kings,,Los Angeles Lakers,,,,
Tue Feb 14 2017,8:00 pm,Cleveland Cavaliers,,Minnesota Timberwolves,,,,
Wed Feb 15 2017,7:30 pm,Philadelphia 76ers,,Boston Celtics,,,,
Wed Feb 15 2017,7:30 pm,Milwaukee Bucks,,Brooklyn Nets,,,,
Wed Feb 15 2017,7:00 pm,Indiana Pacers,,Cleveland Cavaliers,,,,
Wed Feb 15 2017,9:00 pm,Minnesota Timberwolves,,Denver Nuggets,,,,
Wed Feb 15 2017,7:30 pm,Dallas Mavericks,,Detroit Pistons,,,,
Wed Feb 15 2017,10:30 pm,Sacramento Kings,,Golden State Warriors,,,,
Wed Feb 15 2017,8:00 pm,Miami Heat,,Houston Rockets,,,,
Wed Feb 15 2017,10:30 pm,Atlanta Hawks,,Los Angeles Clippers,,,,
Wed Feb 15 2017,8:00 pm,New Orleans Pelicans,,Memphis Grizzlies,,,,
Wed Feb 15 2017,9:30 pm,New York Knicks,,Oklahoma City Thunder,,,,
Wed Feb 15 2017,7:00 pm,San Antonio Spurs,,Orlando Magic,,,,
Wed Feb 15 2017,9:00 pm,Los Angeles Lakers,,Phoenix Suns,,,,
Wed Feb 15 2017,7:30 pm,Charlotte Hornets,,Toronto Raptors,,,,
Wed Feb 15 2017,9:00 pm,Portland Trail Blazers,,Utah Jazz,,,,
Thu Feb 16 2017,8:00 pm,Boston Celtics,,Chicago Bulls,,,,
Thu Feb 16 2017,7:00 pm,Washington Wizards,,Indiana Pacers,,,,
Thu Feb 23 2017,8:00 pm,New York Knicks,,Cleveland Cavaliers,,,,
Thu Feb 23 2017,7:30 pm,Charlotte Hornets,,Detroit Pistons,,,,
Thu Feb 23 2017,10:30 pm,Los Angeles Clippers,,Golden State Warriors,,,,
Thu Feb 23 2017,8:00 pm,Houston Rockets,,New Orleans Pelicans,,,,
Thu Feb 23 2017,7:00 pm,Portland Trail Blazers,,Orlando Magic,,,,
Thu Feb 23 2017,10:30 pm,Denver Nuggets,,Sacramento Kings,,,,
Fri Feb 24 2017,8:00 pm,Miami Heat,,Atlanta Hawks,,,,
Fri Feb 24 2017,8:00 pm,Phoenix Suns,,Chicago Bulls,,,,
Fri Feb 24 2017,9:00 pm,Brooklyn Nets,,Denver Nuggets,,,,
Fri Feb 24 2017,7:00 pm,Memphis Grizzlies,,Indiana Pacers,,,,
Fri Feb 24 2017,10:30 pm,San Antonio Spurs,,Los Angeles Clippers,,,,
Fri Feb 24 2017,8:00 pm,Utah Jazz,,Milwaukee Bucks,,,,
Fri Feb 24 2017,8:00 pm,Dallas Mavericks,,Minnesota Timberwolves,,,,
Fri Feb 24 2017,8:00 pm,Los Angeles Lakers,,Oklahoma City Thunder,,,,
Fri Feb 24 2017,7:00 pm,Washington Wizards,,Philadelphia 76ers,,,,
Fri Feb 24 2017,7:30 pm,Boston Celtics,,Toronto Raptors,,,,
Sat Feb 25 2017,8:30 pm,Chicago Bulls,,Cleveland Cavaliers,,,,
Sat Feb 25 2017,8:30 pm,New Orleans Pelicans,,Dallas Mavericks,,,,
Sat Feb 25 2017,10:30 pm,Brooklyn Nets,,Golden State Warriors,,,,
Sat Feb 25 2017,9:00 pm,Minnesota Timberwolves,,Houston Rockets,,,,
Sat Feb 25 2017,8:00 pm,Indiana Pacers,,Miami Heat,,,,
Sat Feb 25 2017,7:30 pm,Philadelphia 76ers,,New York Knicks,,,,
Sat Feb 25 2017,7:00 pm,Atlanta Hawks,,Orlando Magic,,,,
Sat Feb 25 2017,5:00 pm,Charlotte Hornets,,Sacramento Kings,,,,
Sun Feb 26 2017,5:00 pm,Memphis Grizzlies,,Denver Nuggets,,,,
Sun Feb 26 2017,6:00 pm,Boston Celtics,,Detroit Pistons,,,,
Sun Feb 26 2017,9:30 pm,Charlotte Hornets,,Los Angeles Clippers,,,,
Sun Feb 26 2017,3:30 pm,San Antonio Spurs,,Los Angeles Lakers,,,,
Sun Feb 26 2017,3:30 pm,Phoenix Suns,,Milwaukee Bucks,,,,
Sun Feb 26 2017,7:00 pm,New Orleans Pelicans,,Oklahoma City Thunder,,,,
Sun Feb 26 2017,6:00 pm,Portland Trail Blazers,,Toronto Raptors,,,,
Sun Feb 26 2017,5:00 pm,Utah Jazz,,Washington Wizards,,,,
Mon Feb 27 2017,7:30 pm,Atlanta Hawks,,Boston Celtics,,,,
Mon Feb 27 2017,7:00 pm,Milwaukee Bucks,,Cleveland Cavaliers,,,,
Mon Feb 27 2017,9:30 pm,Miami Heat,,Dallas Mavericks,,,,
Mon Feb 27 2017,8:00 pm,Indiana Pacers,,Houston Rockets,,,,
Mon Feb 27 2017,7:00 pm,Toronto Raptors,,New York Knicks,,,,
Mon Feb 27 2017,7:00 pm,Golden State Warriors,,Philadelphia 76ers,,,,
Mon Feb 27 2017,10:30 pm,Minnesota Timberwolves,,Sacramento Kings,,,,
Tue Feb 28 2017,8:00 pm,Denver Nuggets,,Chicago Bulls,,,,
Tue Feb 28 2017,7:30 pm,Portland Trail Blazers,,Detroit Pistons,,,,
Tue Feb 28 2017,10:30 pm,Charlotte Hornets,,Los Angeles Lakers,,,,
Tue Feb 28 2017,8:00 pm,Phoenix Suns,,Memphis Grizzlies,,,,
Tue Feb 28 2017,8:00 pm,Utah Jazz,,Oklahoma City Thunder,,,,
Tue Feb 28 2017,7:00 pm,Golden State Warriors,,Washington Wizards,,,,
Wed Mar 1 2017,7:30 pm,Dallas Mavericks,,Atlanta Hawks,,,,
Wed Mar 1 2017,8:00 pm,Cleveland Cavaliers,,Boston Celtics,,,,
Wed Mar 1 2017,10:30 pm,Houston Rockets,,Los Angeles Clippers,,,,
Wed Mar 1 2017,7:30 pm,Philadelphia 76ers,,Miami Heat,,,,
Wed Mar 1 2017,8:00 pm,Denver Nuggets,,Milwaukee Bucks,,,,
Wed Mar 1 2017,8:00 pm,Detroit Pistons,,New Orleans Pelicans,,,,
Wed Mar 1 2017,7:00 pm,New York Knicks,,Orlando Magic,,,,
Wed Mar 1 2017,10:30 pm,Brooklyn Nets,,Sacramento Kings,,,,
Wed Mar 1 2017,8:30 pm,Indiana Pacers,,San Antonio Spurs,,,,
Wed Mar 1 2017,7:30 pm,Washington Wizards,,Toronto Raptors,,,,
Wed Mar 1 2017,9:00 pm,Minnesota Timberwolves,,Utah Jazz,,,,
Thu Mar 2 2017,8:00 pm,Golden State Warriors,,Chicago Bulls,,,,
Thu Mar 2 2017,9:00 pm,Charlotte Hornets,,Phoenix Suns,,,,
Thu Mar 2 2017,10:30 pm,Oklahoma City Thunder,,Portland Trail Blazers,,,,
Fri Mar 3 2017,8:00 pm,Cleveland Cavaliers,,Atlanta Hawks,,,,
Fri Mar 3 2017,8:30 pm,Memphis Grizzlies,,Dallas Mavericks,,,,
Fri Mar 3 2017,10:30 pm,Boston Celtics,,Los Angeles Lakers,,,,
Fri Mar 3 2017,8:00 pm,Los Angeles Clippers,,Milwaukee Bucks,,,,
Fri Mar 3 2017,9:30 pm,San Antonio Spurs,,New Orleans Pelicans,,,,
Fri Mar 3 2017,7:00 pm,Miami Heat,,Orlando Magic,,,,
Fri Mar 3 2017,7:00 pm,New York Knicks,,Philadelphia 76ers,,,,
Fri Mar 3 2017,9:00 pm,Oklahoma City Thunder,,Phoenix Suns,,,,
Fri Mar 3 2017,9:00 pm,Brooklyn Nets,,Utah Jazz,,,,
Fri Mar 3 2017,7:00 pm,Toronto Raptors,,Washington Wizards,,,,
Sat Mar 4 2017,8:30 pm,Los Angeles Clippers,,Chicago Bulls,,,,
Sat Mar 4 2017,9:00 pm,Charlotte Hornets,,Denver Nuggets,,,,
Sat Mar 4 2017,9:00 pm,Memphis Grizzlies,,Houston Rockets,,,,
Sat Mar 4 2017,8:00 pm,Cleveland Cavaliers,,Miami Heat,,,,
Sat Mar 4 2017,8:00 pm,Toronto Raptors,,Milwaukee Bucks,,,,
Sat Mar 4 2017,6:00 pm,Detroit Pistons,,Philadelphia 76ers,,,,
Sat Mar 4 2017,10:00 pm,Brooklyn Nets,,Portland Trail Blazers,,,,
Sat Mar 4 2017,9:00 pm,Minnesota Timberwolves,,San Antonio Spurs,,,,
Sun Mar 5 2017,3:00 pm,Indiana Pacers,,Atlanta Hawks,,,,
Sun Mar 5 2017,8:30 pm,Oklahoma City Thunder,,Dallas Mavericks,,,,
Sun Mar 5 2017,9:30 pm,New Orleans Pelicans,,Los Angeles Lakers,,,,
Sun Mar 5 2017,3:30 pm,Golden State Warriors,,New York Knicks,,,,
Sun Mar 5 2017,5:00 pm,Boston Celtics,,Phoenix Suns,,,,
Sun Mar 5 2017,6:00 pm,Utah Jazz,,Sacramento Kings,,,,
Sun Mar 5 2017,5:00 pm,Orlando Magic,,Washington Wizards,,,,
Mon Mar 6 2017,7:30 pm,Golden State Warriors,,Atlanta Hawks,,,,
Mon Mar 6 2017,8:00 pm,Indiana Pacers,,Charlotte Hornets,,,,
Mon Mar 6 2017,7:00 pm,Miami Heat,,Cleveland Cavaliers,,,,
Mon Mar 6 2017,9:00 pm,Sacramento Kings,,Denver Nuggets,,,,
Mon Mar 6 2017,7:30 pm,Chicago Bulls,,Detroit Pistons,,,,
Mon Mar 6 2017,10:30 pm,Boston Celtics,,Los Angeles Clippers,,,,
Mon Mar 6 2017,8:00 pm,Brooklyn Nets,,Memphis Grizzlies,,,,
Mon Mar 6 2017,8:00 pm,Portland Trail Blazers,,Minnesota Timberwolves,,,,
Mon Mar 6 2017,7:00 pm,New York Knicks,,Orlando Magic,,,,
Mon Mar 6 2017,7:00 pm,Milwaukee Bucks,,Philadelphia 76ers,,,,
Mon Mar 6 2017,8:30 pm,Houston Rockets,,San Antonio Spurs,,,,
Mon Mar 6 2017,9:00 pm,New Orleans Pelicans,,Utah Jazz,,,,
Tue Mar 7 2017,8:30 pm,Los Angeles Lakers,,Dallas Mavericks,,,,
Tue Mar 7 2017,8:00 pm,Portland Trail Blazers,,Oklahoma City Thunder,,,,
Tue Mar 7 2017,9:00 pm,Washington Wizards,,Phoenix Suns,,,,
Wed Mar 8 2017,7:30 pm,Brooklyn Nets,,Atlanta Hawks,,,,
Wed Mar 8 2017,9:00 pm,Washington Wizards,,Denver Nuggets,,,,
Wed Mar 8 2017,10:30 pm,Boston Celtics,,Golden State Warriors,,,,
Wed Mar 8 2017,8:00 pm,Utah Jazz,,Houston Rockets,,,,
Wed Mar 8 2017,8:00 pm,Detroit Pistons,,Indiana Pacers,,,,
Wed Mar 8 2017,7:30 pm,Charlotte Hornets,,Miami Heat,,,,
Wed Mar 8 2017,8:00 pm,New York Knicks,,Milwaukee Bucks,,,,
Wed Mar 8 2017,8:00 pm,Los Angeles Clippers,,Minnesota Timberwolves,,,,
Wed Mar 8 2017,8:00 pm,Toronto Raptors,,New Orleans Pelicans,,,,
Wed Mar 8 2017,7:00 pm,Chicago Bulls,,Orlando Magic,,,,
Wed Mar 8 2017,8:30 pm,Sacramento Kings,,San Antonio Spurs,,,,
Thu Mar 9 2017,7:30 pm,Cleveland Cavaliers,,Detroit Pistons,,,,
Thu Mar 9 2017,8:00 pm,Los Angeles Clippers,,Memphis Grizzlies,,,,
Thu Mar 9 2017,8:00 pm,San Antonio Spurs,,Oklahoma City Thunder,,,,
Thu Mar 9 2017,10:30 pm,Los Angeles Lakers,,Phoenix Suns,,,,
Thu Mar 9 2017,10:00 pm,Philadelphia 76ers,,Portland Trail Blazers,,,,
Fri Mar 10 2017,8:00 pm,Toronto Raptors,,Atlanta Hawks,,,,
Fri Mar 10 2017,8:00 pm,Houston Rockets,,Chicago Bulls,,,,
Fri Mar 10 2017,7:00 pm,Orlando Magic,,Charlotte Hornets,,,,
Fri Mar 10 2017,9:00 pm,Brooklyn Nets,,Dallas Mavericks,,,,
Fri Mar 10 2017,9:00 pm,Boston Celtics,,Denver Nuggets,,,,
Fri Mar 10 2017,8:00 pm,Indiana Pacers,,Milwaukee Bucks,,,,
Fri Mar 10 2017,8:00 pm,Golden State Warriors,,Minnesota Timberwolves,,,,
Fri Mar 10 2017,10:30 pm,Washington Wizards,,Sacramento Kings,,,,
Sat Mar 11 2017,7:00 pm,New Orleans Pelicans,,Charlotte Hornets,,,,
Sat Mar 11 2017,9:00 pm,Phoenix Suns,,Dallas Mavericks,,,,
Sat Mar 11 2017,5:00 pm,New York Knicks,,Detroit Pistons,,,,
Sat Mar 11 2017,3:30 pm,Philadelphia 76ers,,Los Angeles Clippers,,,,
Sat Mar 11 2017,9:00 pm,Atlanta Hawks,,Memphis Grizzlies,,,,
Sat Mar 11 2017,8:00 pm,Toronto Raptors,,Miami Heat,,,,
Sat Mar 11 2017,8:00 pm,Minnesota Timberwolves,,Milwaukee Bucks,,,,
Sat Mar 11 2017,3:00 pm,Utah Jazz,,Oklahoma City Thunder,,,,
Sat Mar 11 2017,7:00 pm,Cleveland Cavaliers,,Orlando Magic,,,,
Sat Mar 11 2017,10:00 pm,Washington Wizards,,Portland Trail Blazers,,,,
Sat Mar 11 2017,10:30 pm,Denver Nuggets,,Sacramento Kings,,,,
Sat Mar 11 2017,8:30 pm,Golden State Warriors,,San Antonio Spurs,,,,
Sun Mar 12 2017,3:30 pm,Chicago Bulls,,Boston Celtics,,,,
Sun Mar 12 2017,6:00 pm,New York Knicks,,Brooklyn Nets,,,,
Sun Mar 12 2017,9:00 pm,Cleveland Cavaliers,,Houston Rockets,,,,
Sun Mar 12 2017,6:00 pm,Miami Heat,,Indiana Pacers,,,,
Sun Mar 12 2017,9:30 pm,Philadelphia 76ers,,Los Angeles Lakers,,,,
Sun Mar 12 2017,9:00 pm,Portland Trail Blazers,,Phoenix Suns,,,,
Mon Mar 13 2017,7:00 pm,Chicago Bulls,,Charlotte Hornets,,,,
Mon Mar 13 2017,10:30 pm,Los Angeles Lakers,,Denver Nuggets,,,,
Mon Mar 13 2017,8:00 pm,Milwaukee Bucks,,Memphis Grizzlies,,,,
Mon Mar 13 2017,8:00 pm,Washington Wizards,,Minnesota Timberwolves,,,,
Mon Mar 13 2017,10:30 pm,Orlando Magic,,Sacramento Kings,,,,
Mon Mar 13 2017,8:00 pm,Atlanta Hawks,,San Antonio Spurs,,,,
Mon Mar 13 2017,7:30 pm,Dallas Mavericks,,Toronto Raptors,,,,
Mon Mar 13 2017,9:00 pm,Los Angeles Clippers,,Utah Jazz,,,,
Tue Mar 14 2017,7:30 pm,Oklahoma City Thunder,,Brooklyn Nets,,,,
Tue Mar 14 2017,7:00 pm,Detroit Pistons,,Cleveland Cavaliers,,,,
Tue Mar 14 2017,10:30 pm,Philadelphia 76ers,,Golden State Warriors,,,,
Tue Mar 14 2017,8:00 pm,Portland Trail Blazers,,New Orleans Pelicans,,,,
Tue Mar 14 2017,7:30 pm,Indiana Pacers,,New York Knicks,,,,
Wed Mar 15 2017,7:30 pm,Minnesota Timberwolves,,Boston Celtics,,,,
Wed Mar 15 2017,8:00 pm,Memphis Grizzlies,,Chicago Bulls,,,,
Wed Mar 15 2017,7:30 pm,Utah Jazz,,Detroit Pistons,,,,
Wed Mar 15 2017,8:00 pm,Los Angeles Lakers,,Houston Rockets,,,,
Wed Mar 15 2017,7:00 pm,Charlotte Hornets,,Indiana Pacers,,,,
Wed Mar 15 2017,10:30 pm,Milwaukee Bucks,,Los Angeles Clippers,,,,
Wed Mar 15 2017,7:30 pm,New Orleans Pelicans,,Miami Heat,,,,
Wed Mar 15 2017,10:00 pm,Sacramento Kings,,Phoenix Suns,,,,
Wed Mar 15 2017,8:00 pm,Portland Trail Blazers,,San Antonio Spurs,,,,
Wed Mar 15 2017,7:00 pm,Dallas Mavericks,,Washington Wizards,,,,
Thu Mar 16 2017,7:30 pm,Memphis Grizzlies,,Atlanta Hawks,,,,
Thu Mar 16 2017,7:00 pm,Utah Jazz,,Cleveland Cavaliers,,,,
Thu Mar 16 2017,9:00 pm,Los Angeles Clippers,,Denver Nuggets,,,,
Thu Mar 16 2017,10:30 pm,Orlando Magic,,Golden State Warriors,,,,
Thu Mar 16 2017,7:30 pm,Brooklyn Nets,,New York Knicks,,,,
Thu Mar 16 2017,7:00 pm,Oklahoma City Thunder,,Toronto Raptors,,,,
Fri Mar 17 2017,7:30 pm,Boston Celtics,,Brooklyn Nets,,,,
Fri Mar 17 2017,7:30 pm,Toronto Raptors,,Detroit Pistons,,,,
Fri Mar 17 2017,10:30 pm,Milwaukee Bucks,,Los Angeles Lakers,,,,
Fri Mar 17 2017,8:00 pm,Minnesota Timberwolves,,Miami Heat,,,,
Fri Mar 17 2017,8:00 pm,Houston Rockets,,New Orleans Pelicans,,,,
Fri Mar 17 2017,7:00 pm,Dallas Mavericks,,Philadelphia 76ers,,,,
Fri Mar 17 2017,10:00 pm,Orlando Magic,,Phoenix Suns,,,,
Fri Mar 17 2017,7:00 pm,Chicago Bulls,,Washington Wizards,,,,
Sat Mar 18 2017,6:00 pm,Portland Trail Blazers,,Atlanta Hawks,,,,
Sat Mar 18 2017,9:00 pm,Utah Jazz,,Chicago Bulls,,,,
Sat Mar 18 2017,7:00 pm,Washington Wizards,,Charlotte Hornets,,,,
Sat Mar 18 2017,9:30 pm,Houston Rockets,,Denver Nuggets,,,,
Sat Mar 18 2017,10:30 pm,Milwaukee Bucks,,Golden State Warriors,,,,
Sat Mar 18 2017,8:30 pm,Cleveland Cavaliers,,Los Angeles Clippers,,,,
Sat Mar 18 2017,9:00 pm,San Antonio Spurs,,Memphis Grizzlies,,,,
Sat Mar 18 2017,3:00 pm,Sacramento Kings,,Oklahoma City Thunder,,,,
Sun Mar 19 2017,12:00 pm,Dallas Mavericks,,Brooklyn Nets,,,,
Sun Mar 19 2017,4:30 pm,Phoenix Suns,,Detroit Pistons,,,,
Sun Mar 19 2017,9:30 pm,Cleveland Cavaliers,,Los Angeles Lakers,,,,
Sun Mar 19 2017,6:00 pm,Portland Trail Blazers,,Miami Heat,,,,
Sun Mar 19 2017,6:00 pm,Minnesota Timberwolves,,New Orleans Pelicans,,,,
Sun Mar 19 2017,1:00 pm,Boston Celtics,,Philadelphia 76ers,,,,
Sun Mar 19 2017,7:00 pm,Sacramento Kings,,San Antonio Spurs,,,,
Sun Mar 19 2017,6:00 pm,Indiana Pacers,,Toronto Raptors,,,,
Mon Mar 20 2017,7:30 pm,Washington Wizards,,Boston Celtics,,,,
Mon Mar 20 2017,7:00 pm,Atlanta Hawks,,Charlotte Hornets,,,,
Mon Mar 20 2017,8:00 pm,Denver Nuggets,,Houston Rockets,,,,
Mon Mar 20 2017,7:00 pm,Utah Jazz,,Indiana Pacers,,,,
Mon Mar 20 2017,10:30 pm,New York Knicks,,Los Angeles Clippers,,,,
Mon Mar 20 2017,8:00 pm,Golden State Warriors,,Oklahoma City Thunder,,,,
Mon Mar 20 2017,7:00 pm,Philadelphia 76ers,,Orlando Magic,,,,
Tue Mar 21 2017,7:30 pm,Detroit Pistons,,Brooklyn Nets,,,,
Tue Mar 21 2017,8:30 pm,Golden State Warriors,,Dallas Mavericks,,,,
Tue Mar 21 2017,10:30 pm,Los Angeles Clippers,,Los Angeles Lakers,,,,
Tue Mar 21 2017,7:30 pm,Phoenix Suns,,Miami Heat,,,,
Tue Mar 21 2017,9:30 pm,San Antonio Spurs,,Minnesota Timberwolves,,,,
Tue Mar 21 2017,8:00 pm,Memphis Grizzlies,,New Orleans Pelicans,,,,
Tue Mar 21 2017,10:00 pm,Milwaukee Bucks,,Portland Trail Blazers,,,,
Tue Mar 21 2017,7:00 pm,Chicago Bulls,,Toronto Raptors,,,,
Wed Mar 22 2017,7:30 pm,Indiana Pacers,,Boston Celtics,,,,
Wed Mar 22 2017,8:00 pm,Detroit Pistons,,Chicago Bulls,,,,
Wed Mar 22 2017,9:00 pm,Cleveland Cavaliers,,Denver Nuggets,,,,
Wed Mar 22 2017,8:00 pm,Philadelphia 76ers,,Oklahoma City Thunder,,,,
Wed Mar 22 2017,7:00 pm,Charlotte Hornets,,Orlando Magic,,,,
Wed Mar 22 2017,10:30 pm,Milwaukee Bucks,,Sacramento Kings,,,,
Wed Mar 22 2017,10:30 pm,New York Knicks,,Utah Jazz,,,,
Wed Mar 22 2017,8:00 pm,Atlanta Hawks,,Washington Wizards,,,,
Thu Mar 23 2017,7:30 pm,Phoenix Suns,,Brooklyn Nets,,,,
Thu Mar 23 2017,8:30 pm,Los Angeles Clippers,,Dallas Mavericks,,,,
Thu Mar 23 2017,7:30 pm,Toronto Raptors,,Miami Heat,,,,
Thu Mar 23 2017,10:00 pm,New York Knicks,,Portland Trail Blazers,,,,
Thu Mar 23 2017,8:30 pm,Memphis Grizzlies,,San Antonio Spurs,,,,
Fri Mar 24 2017,7:30 pm,Phoenix Suns,,Boston Celtics,,,,
Fri Mar 24 2017,8:00 pm,Philadelphia 76ers,,Chicago Bulls,,,,
Fri Mar 24 2017,7:00 pm,Cleveland Cavaliers,,Charlotte Hornets,,,,
Fri Mar 24 2017,10:30 pm,Sacramento Kings,,Golden State Warriors,,,,
Fri Mar 24 2017,8:00 pm,New Orleans Pelicans,,Houston Rockets,,,,
Fri Mar 24 2017,7:00 pm,Denver Nuggets,,Indiana Pacers,,,,
Fri Mar 24 2017,10:30 pm,Minnesota Timberwolves,,Los Angeles Lakers,,,,
Fri Mar 24 2017,8:00 pm,Atlanta Hawks,,Milwaukee Bucks,,,,
Fri Mar 24 2017,7:00 pm,Detroit Pistons,,Orlando Magic,,,,
Fri Mar 24 2017,7:00 pm,Brooklyn Nets,,Washington Wizards,,,,
Sat Mar 25 2017,7:30 pm,Washington Wizards,,Cleveland Cavaliers,,,,
Sat Mar 25 2017,8:30 pm,Toronto Raptors,,Dallas Mavericks,,,,
Sat Mar 25 2017,3:30 pm,Utah Jazz,,Los Angeles Clippers,,,,
Sat Mar 25 2017,10:00 pm,Minnesota Timberwolves,,Portland Trail Blazers,,,,
Sat Mar 25 2017,8:30 pm,New York Knicks,,San Antonio Spurs,,,,
Sun Mar 26 2017,1:00 pm,Brooklyn Nets,,Atlanta Hawks,,,,
Sun Mar 26 2017,6:00 pm,Miami Heat,,Boston Celtics,,,,
Sun Mar 26 2017,1:00 pm,Phoenix Suns,,Charlotte Hornets,,,,
Sun Mar 26 2017,8:00 pm,New Orleans Pelicans,,Denver Nuggets,,,,
Sun Mar 26 2017,8:00 pm,Memphis Grizzlies,,Golden State Warriors,,,,
Sun Mar 26 2017,3:30 pm,Oklahoma City Thunder,,Houston Rockets,,,,
Sun Mar 26 2017,6:00 pm,Philadelphia 76ers,,Indiana Pacers,,,,
Sun Mar 26 2017,3:30 pm,Sacramento Kings,,Los Angeles Clippers,,,,
Sun Mar 26 2017,9:30 pm,Portland Trail Blazers,,Los Angeles Lakers,,,,
Sun Mar 26 2017,3:30 pm,Chicago Bulls,,Milwaukee Bucks,,,,
Mon Mar 27 2017,8:30 pm,Oklahoma City Thunder,,Dallas Mavericks,,,,
Mon Mar 27 2017,7:30 pm,Detroit Pistons,,New York Knicks,,,,
Mon Mar 27 2017,10:30 pm,Memphis Grizzlies,,Sacramento Kings,,,,
Mon Mar 27 2017,8:00 pm,Cleveland Cavaliers,,San Antonio Spurs,,,,
Mon Mar 27 2017,7:30 pm,Orlando Magic,,Toronto Raptors,,,,
Mon Mar 27 2017,10:30 pm,New Orleans Pelicans,,Utah Jazz,,,,
Tue Mar 28 2017,7:30 pm,Phoenix Suns,,Atlanta Hawks,,,,
Tue Mar 28 2017,7:30 pm,Philadelphia 76ers,,Brooklyn Nets,,,,
Tue Mar 28 2017,7:00 pm,Milwaukee Bucks,,Charlotte Hornets,,,,
Tue Mar 28 2017,7:30 pm,Miami Heat,,Detroit Pistons,,,,
Tue Mar 28 2017,8:00 pm,Golden State Warriors,,Houston Rockets,,,,
Tue Mar 28 2017,7:00 pm,Minnesota Timberwolves,,Indiana Pacers,,,,
Tue Mar 28 2017,10:30 pm,Washington Wizards,,Los Angeles Lakers,,,,
Tue Mar 28 2017,10:00 pm,Denver Nuggets,,Portland Trail Blazers,,,,
Wed Mar 29 2017,7:30 pm,Milwaukee Bucks,,Boston Celtics,,,,
Wed Mar 29 2017,10:30 pm,Washington Wizards,,Los Angeles Clippers,,,,
Wed Mar 29 2017,8:00 pm,Indiana Pacers,,Memphis Grizzlies,,,,
Wed Mar 29 2017,8:00 pm,Dallas Mavericks,,New Orleans Pelicans,,,,
Wed Mar 29 2017,7:30 pm,Miami Heat,,New York Knicks,,,,
Wed Mar 29 2017,7:00 pm,Oklahoma City Thunder,,Orlando Magic,,,,
Wed Mar 29 2017,7:00 pm,Atlanta Hawks,,Philadelphia 76ers,,,,
Wed Mar 29 2017,10:30 pm,Utah Jazz,,Sacramento Kings,,,,
Wed Mar 29 2017,9:30 pm,Golden State Warriors,,San Antonio Spurs,,,,
Wed Mar 29 2017,7:30 pm,Charlotte Hornets,,Toronto Raptors,,,,
Thu Mar 30 2017,8:00 pm,Cleveland Cavaliers,,Chicago Bulls,,,,
Thu Mar 30 2017,7:30 pm,Brooklyn Nets,,Detroit Pistons,,,,
Thu Mar 30 2017,8:00 pm,Los Angeles Lakers,,Minnesota Timberwolves,,,,
Thu Mar 30 2017,10:00 pm,Los Angeles Clippers,,Phoenix Suns,,,,
Thu Mar 30 2017,10:30 pm,Houston Rockets,,Portland Trail Blazers,,,,
Fri Mar 31 2017,7:30 pm,Orlando Magic,,Boston Celtics,,,,
Fri Mar 31 2017,7:00 pm,Denver Nuggets,,Charlotte Hornets,,,,
Fri Mar 31 2017,7:30 pm,Philadelphia 76ers,,Cleveland Cavaliers,,,,
Fri Mar 31 2017,10:30 pm,Houston Rockets,,Golden State Warriors,,,,
Fri Mar 31 2017,8:00 pm,Dallas Mavericks,,Memphis Grizzlies,,,,
Fri Mar 31 2017,8:00 pm,New York Knicks,,Miami Heat,,,,
Fri Mar 31 2017,8:00 pm,Detroit Pistons,,Milwaukee Bucks,,,,
Fri Mar 31 2017,8:00 pm,Sacramento Kings,,New Orleans Pelicans,,,,
Fri Mar 31 2017,9:30 pm,San Antonio Spurs,,Oklahoma City Thunder,,,,
Fri Mar 31 2017,7:00 pm,Indiana Pacers,,Toronto Raptors,,,,
Fri Mar 31 2017,9:00 pm,Washington Wizards,,Utah Jazz,,,,
Sat Apr 1 2017,6:00 pm,Orlando Magic,,Brooklyn Nets,,,,
Sat Apr 1 2017,5:00 pm,Atlanta Hawks,,Chicago Bulls,,,,
Sat Apr 1 2017,3:30 pm,Los Angeles Lakers,,Los Angeles Clippers,,,,
Sat Apr 1 2017,8:00 pm,Sacramento Kings,,Minnesota Timberwolves,,,,
Sat Apr 1 2017,10:00 pm,Phoenix Suns,,Portland Trail Blazers,,,,
Sun Apr 2 2017,6:00 pm,Atlanta Hawks,,Brooklyn Nets,,,,
Sun Apr 2 2017,6:00 pm,Indiana Pacers,,Cleveland Cavaliers,,,,
Sun Apr 2 2017,8:00 pm,Washington Wizards,,Golden State Warriors,,,,
Sun Apr 2 2017,3:30 pm,Memphis Grizzlies,,Los Angeles Lakers,,,,
Sun Apr 2 2017,6:00 pm,Denver Nuggets,,Miami Heat,,,,
Sun Apr 2 2017,3:30 pm,Dallas Mavericks,,Milwaukee Bucks,,,,
Sun Apr 2 2017,6:00 pm,Chicago Bulls,,New Orleans Pelicans,,,,
Sun Apr 2 2017,1:00 pm,Boston Celtics,,New York Knicks,,,,
Sun Apr 2 2017,3:00 pm,Charlotte Hornets,,Oklahoma City Thunder,,,,
Sun Apr 2 2017,9:00 pm,Houston Rockets,,Phoenix Suns,,,,
Sun Apr 2 2017,3:30 pm,Utah Jazz,,San Antonio Spurs,,,,
Sun Apr 2 2017,6:00 pm,Philadelphia 76ers,,Toronto Raptors,,,,
Tue Apr 4 2017,7:00 pm,Orlando Magic,,Cleveland Cavaliers,,,,
Tue Apr 4 2017,10:30 pm,Minnesota Timberwolves,,Golden State Warriors,,,,
Tue Apr 4 2017,7:00 pm,Toronto Raptors,,Indiana Pacers,,,,
Tue Apr 4 2017,8:00 pm,Denver Nuggets,,New Orleans Pelicans,,,,
Tue Apr 4 2017,8:00 pm,Chicago Bulls,,New York Knicks,,,,
Tue Apr 4 2017,8:00 pm,Milwaukee Bucks,,Oklahoma City Thunder,,,,
Tue Apr 4 2017,7:00 pm,Brooklyn Nets,,Philadelphia 76ers,,,,
Tue Apr 4 2017,10:30 pm,Dallas Mavericks,,Sacramento Kings,,,,
Tue Apr 4 2017,8:30 pm,Memphis Grizzlies,,San Antonio Spurs,,,,
Tue Apr 4 2017,10:30 pm,Portland Trail Blazers,,Utah Jazz,,,,
Tue Apr 4 2017,7:00 pm,Charlotte Hornets,,Washington Wizards,,,,
Wed Apr 5 2017,8:00 pm,Cleveland Cavaliers,,Boston Celtics,,,,
Wed Apr 5 2017,7:00 pm,Miami Heat,,Charlotte Hornets,,,,
Wed Apr 5 2017,7:30 pm,Toronto Raptors,,Detroit Pistons,,,,
Wed Apr 5 2017,8:00 pm,Denver Nuggets,,Houston Rockets,,,,
Wed Apr 5 2017,10:30 pm,Dallas Mavericks,,Los Angeles Clippers,,,,
Wed Apr 5 2017,8:00 pm,Oklahoma City Thunder,,Memphis Grizzlies,,,,
Wed Apr 5 2017,10:00 pm,Golden State Warriors,,Phoenix Suns,,,,
Wed Apr 5 2017,8:30 pm,Los Angeles Lakers,,San Antonio Spurs,,,,
Thu Apr 6 2017,8:00 pm,Boston Celtics,,Atlanta Hawks,,,,
Thu Apr 6 2017,7:00 pm,Milwaukee Bucks,,Indiana Pacers,,,,
Thu Apr 6 2017,7:30 pm,Washington Wizards,,New York Knicks,,,,
Thu Apr 6 2017,7:00 pm,Brooklyn Nets,,Orlando Magic,,,,
Thu Apr 6 2017,7:00 pm,Chicago Bulls,,Philadelphia 76ers,,,,
Thu Apr 6 2017,10:30 pm,Minnesota Timberwolves,,Portland Trail Blazers,,,,
Fri Apr 7 2017,7:30 pm,Atlanta Hawks,,Cleveland Cavaliers,,,,
Fri Apr 7 2017,8:30 pm,San Antonio Spurs,,Dallas Mavericks,,,,
Fri Apr 7 2017,9:00 pm,New Orleans Pelicans,,Denver Nuggets,,,,
Fri Apr 7 2017,8:00 pm,Detroit Pistons,,Houston Rockets,,,,
Fri Apr 7 2017,10:30 pm,Sacramento Kings,,Los Angeles Lakers,,,,
Fri Apr 7 2017,8:00 pm,New York Knicks,,Memphis Grizzlies,,,,
Fri Apr 7 2017,10:00 pm,Oklahoma City Thunder,,Phoenix Suns,,,,
Fri Apr 7 2017,7:30 pm,Miami Heat,,Toronto Raptors,,,,
Fri Apr 7 2017,9:00 pm,Minnesota Timberwolves,,Utah Jazz,,,,
Sat Apr 8 2017,5:00 pm,Chicago Bulls,,Brooklyn Nets,,,,
Sat Apr 8 2017,6:00 pm,Boston Celtics,,Charlotte Hornets,,,,
Sat Apr 8 2017,10:30 pm,New Orleans Pelicans,,Golden State Warriors,,,,
Sat Apr 8 2017,6:00 pm,Indiana Pacers,,Orlando Magic,,,,
Sat Apr 8 2017,7:00 pm,Milwaukee Bucks,,Philadelphia 76ers,,,,
Sat Apr 8 2017,10:00 pm,Utah Jazz,,Portland Trail Blazers,,,,
Sat Apr 8 2017,8:30 pm,Los Angeles Clippers,,San Antonio Spurs,,,,
Sat Apr 8 2017,7:00 pm,Miami Heat,,Washington Wizards,,,,
Sun Apr 9 2017,3:30 pm,Cleveland Cavaliers,,Atlanta Hawks,,,,
Sun Apr 9 2017,5:00 pm,Oklahoma City Thunder,,Denver Nuggets,,,,
Sun Apr 9 2017,9:30 pm,Minnesota Timberwolves,,Los Angeles Lakers,,,,
Sun Apr 9 2017,6:00 pm,Detroit Pistons,,Memphis Grizzlies,,,,
Sun Apr 9 2017,1:00 pm,Toronto Raptors,,New York Knicks,,,,
Sun Apr 9 2017,6:00 pm,Dallas Mavericks,,Phoenix Suns,,,,
Sun Apr 9 2017,6:00 pm,Houston Rockets,,Sacramento Kings,,,,
Mon Apr 10 2017,7:30 pm,Brooklyn Nets,,Boston Celtics,,,,
Mon Apr 10 2017,8:00 pm,Orlando Magic,,Chicago Bulls,,,,
Mon Apr 10 2017,8:00 pm,Washington Wizards,,Detroit Pistons,,,,
Mon Apr 10 2017,10:30 pm,Utah Jazz,,Golden State Warriors,,,,
Mon Apr 10 2017,10:30 pm,Houston Rockets,,Los Angeles Clippers,,,,
Mon Apr 10 2017,7:30 pm,Cleveland Cavaliers,,Miami Heat,,,,
Mon Apr 10 2017,8:00 pm,Charlotte Hornets,,Milwaukee Bucks,,,,
Mon Apr 10 2017,7:00 pm,Indiana Pacers,,Philadelphia 76ers,,,,
Mon Apr 10 2017,10:00 pm,San Antonio Spurs,,Portland Trail Blazers,,,,
Tue Apr 11 2017,7:30 pm,Charlotte Hornets,,Atlanta Hawks,,,,
Tue Apr 11 2017,8:30 pm,Denver Nuggets,,Dallas Mavericks,,,,
Tue Apr 11 2017,10:30 pm,New Orleans Pelicans,,Los Angeles Lakers,,,,
Tue Apr 11 2017,8:00 pm,Oklahoma City Thunder,,Minnesota Timberwolves,,,,
Tue Apr 11 2017,10:30 pm,Phoenix Suns,,Sacramento Kings,,,,
Wed Apr 12 2017,8:00 pm,Milwaukee Bucks,,Boston Celtics,,,,
Wed Apr 12 2017,8:00 pm,Brooklyn Nets,,Chicago Bulls,,,,
Wed Apr 12 2017,8:00 pm,Toronto Raptors,,Cleveland Cavaliers,,,,
Wed Apr 12 2017,10:30 pm,Los Angeles Lakers,,Golden State Warriors,,,,
Wed Apr 12 2017,8:00 pm,Minnesota Timberwolves,,Houston Rockets,,,,
Wed Apr 12 2017,8:00 pm,Atlanta Hawks,,Indiana Pacers,,,,
Wed Apr 12 2017,10:30 pm,Sacramento Kings,,Los Angeles Clippers,,,,
Wed Apr 12 2017,8:00 pm,Dallas Mavericks,,Memphis Grizzlies,,,,
Wed Apr 12 2017,8:00 pm,Washington Wizards,,Miami Heat,,,,
Wed Apr 12 2017,8:00 pm,Philadelphia 76ers,,New York Knicks,,,,
Wed Apr 12 2017,8:00 pm,Denver Nuggets,,Oklahoma City Thunder,,,,
Wed Apr 12 2017,8:00 pm,Detroit Pistons,,Orlando Magic,,,,
Wed Apr 12 2017,10:30 pm,New Orleans Pelicans,,Portland Trail Blazers,,,,
Wed Apr 12 2017,10:00 pm,San Antonio Spurs,,Utah Jazz,,,,